Player,Team,Postion,1,2,3,4,5,6,7,8,9,10,11,12,13,14,15,16,17,18,TTL,AVG
Patrick Mahomes II,KC,QB,100,100,73,100,,,,,,,,,,,,,,,258,92
Jared Goff,DET,QB,100,100,100,100,,,,,,,,,,,,,,,281,100
Lamar Jackson,BAL,QB,100,100,100,95,,,,,,,,,,,,,,,266,99
C.J. Stroud,HOU,QB,100,100,100,100,,,,,,,,,,,,,,,288,100
Desmond Ridder,ATL,QB,100,100,100,100,,,,,,,,,,,,,,,259,100
Bryce Young,CAR,QB,100,98,0,100,,,,,,,,,,,,,,,208,100
Deshaun Watson,CLE,QB,100,100,93,0,,,,,,,,,,,,,,,227,98
Jake Browning,CIN,QB,7,0,0,0,,,,,,,,,,,,,,,4,7
Joe Burrow,CIN,QB,93,100,100,100,,,,,,,,,,,,,,,242,98
Kenny Pickett,PIT,QB,100,100,100,83,,,,,,,,,,,,,,,228,96
Sam Darnold,SF,QB,3,0,5,2,,,,,,,,,,,,,,,7,3
Brock Purdy,SF,QB,97,100,95,98,,,,,,,,,,,,,,,256,97
Sam Howell,WAS,QB,100,100,100,100,,,,,,,,,,,,,,,276,100
Joshua Dobbs,ARI,QB,100,100,100,100,,,,,,,,,,,,,,,259,100
Derek Carr,NO,QB,95,90,54,86,,,,,,,,,,,,,,,220,82
Ryan Tannehill,TEN,QB,100,100,96,100,,,,,,,,,,,,,,,240,99
Kirk Cousins,MIN,QB,100,100,100,100,,,,,,,,,,,,,,,252,100
Baker Mayfield,TB,QB,100,100,100,100,,,,,,,,,,,,,,,257,100
Anthony Richardson,IND,QB,96,32,0,100,,,,,,,,,,,,,,,151,78
Gardner Minshew II,IND,QB,4,68,100,0,,,,,,,,,,,,,,,126,59
Trevor Lawrence,JAC,QB,100,100,93,100,,,,,,,,,,,,,,,271,98
Justin Herbert,LAC,QB,100,100,100,100,,,,,,,,,,,,,,,280,100
Tua Tagovailoa,MIA,QB,100,100,79,100,,,,,,,,,,,,,,,253,94
Geno Smith,SEA,QB,100,100,100,69,,,,,,,,,,,,,,,236,93
Matthew Stafford,LAR,QB,100,100,100,100,,,,,,,,,,,,,,,298,100
Mac Jones,NE,QB,100,100,100,73,,,,,,,,,,,,,,,266,95
Jalen Hurts,PHI,QB,100,100,100,100,,,,,,,,,,,,,,,294,100
Justin Fields,CHI,QB,100,100,100,100,,,,,,,,,,,,,,,250,100
Jordan Love,GB,QB,92,100,100,100,,,,,,,,,,,,,,,241,98
Sean Clifford,GB,QB,8,0,0,0,,,,,,,,,,,,,,,5,8
Russell Wilson,DEN,QB,100,100,100,100,,,,,,,,,,,,,,,240,100
Jimmy Garoppolo,LV,QB,97,100,100,0,,,,,,,,,,,,,,,169,99
Tyrod Taylor,NYG,QB,4,0,6,0,,,,,,,,,,,,,,,6,5
Daniel Jones,NYG,QB,96,100,94,97,,,,,,,,,,,,,,,255,97
Dak Prescott,DAL,QB,88,100,100,90,,,,,,,,,,,,,,,282,95
Cooper Rush,DAL,QB,12,0,0,10,,,,,,,,,,,,,,,14,11
Zach Wilson,NYJ,QB,93,100,100,100,,,,,,,,,,,,,,,219,98
Aaron Rodgers,NYJ,QB,7,0,0,0,,,,,,,,,,,,,,,4,7
Josh Allen,BUF,QB,100,95,84,86,,,,,,,,,,,,,,,250,92
Kyle Allen,BUF,QB,0,5,16,14,,,,,,,,,,,,,,,23,11
Mike White,MIA,QB,0,0,21,0,,,,,,,,,,,,,,,15,21
C.J. Beathard,JAC,QB,0,0,7,0,,,,,,,,,,,,,,,5,7
Jameis Winston,NO,QB,0,0,38,2,,,,,,,,,,,,,,,24,19
Andy Dalton,CAR,QB,0,0,100,0,,,,,,,,,,,,,,,79,100
Blaine Gabbert,KC,QB,0,0,27,0,,,,,,,,,,,,,,,21,27
Mitch Trubisky,PIT,QB,0,0,0,17,,,,,,,,,,,,,,,10,17
Dorian Thompson-Robinson,CLE,QB,0,0,0,100,,,,,,,,,,,,,,,69,100
Tyler Huntley,BAL,QB,0,0,0,5,,,,,,,,,,,,,,,3,5
Aidan O'Connell,LV,QB,0,0,0,100,,,,,,,,,,,,,,,73,100
Bailey Zappe,NE,QB,0,0,0,27,,,,,,,,,,,,,,,15,27
Drew Lock,SEA,QB,0,0,0,31,,,,,,,,,,,,,,,17,31
Isiah Pacheco,KC,RB,48,51,42,60,,,,,,,,,,,,,,,139,50
Clyde Edwards-Helaire,KC,RB,22,16,30,9,,,,,,,,,,,,,,,54,19
Jerick McKinnon,KC,RB,31,33,29,31,,,,,,,,,,,,,,,86,31
Jahmyr Gibbs,DET,RB,27,48,60,37,,,,,,,,,,,,,,,121,43
David Montgomery,DET,RB,79,45,0,71,,,,,,,,,,,,,,,138,65
Gus Edwards,BAL,RB,23,43,44,69,,,,,,,,,,,,,,,119,44
J.K. Dobbins,BAL,RB,47,0,0,0,,,,,,,,,,,,,,,30,47
Justice Hill,BAL,RB,30,57,0,12,,,,,,,,,,,,,,,69,35
Dameon Pierce,HOU,RB,47,45,54,59,,,,,,,,,,,,,,,146,51
Devin Singletary,HOU,RB,21,36,39,35,,,,,,,,,,,,,,,93,32
Mike Boone,HOU,RB,32,0,7,6,,,,,,,,,,,,,,,33,16
Tyler Allgeier,ATL,RB,56,44,30,26,,,,,,,,,,,,,,,100,39
Bijan Robinson,ATL,RB,63,72,81,76,,,,,,,,,,,,,,,190,73
Keith Smith,ATL,RB,19,21,0,29,,,,,,,,,,,,,,,44,23
Chuba Hubbard,CAR,RB,36,37,34,54,,,,,,,,,,,,,,,116,40
Miles Sanders,CAR,RB,57,62,65,43,,,,,,,,,,,,,,,163,57
Jerome Ford,CLE,RB,41,49,56,62,,,,,,,,,,,,,,,156,52
Nick Chubb,CLE,RB,49,21,0,0,,,,,,,,,,,,,,,54,34
Trayveon Williams,CIN,RB,29,17,18,11,,,,,,,,,,,,,,,46,19
Chris Evans,CIN,RB,12,0,0,0,,,,,,,,,,,,,,,7,12
Joe Mixon,CIN,RB,62,78,75,79,,,,,,,,,,,,,,,182,74
Najee Harris,PIT,RB,52,57,50,49,,,,,,,,,,,,,,,124,52
Jaylen Warren,PIT,RB,40,43,45,49,,,,,,,,,,,,,,,105,44
Anthony McFarland Jr.,PIT,RB,8,0,0,0,,,,,,,,,,,,,,,5,8
Christian McCaffrey,SF,RB,85,100,61,85,,,,,,,,,,,,,,,213,81
Elijah Mitchell,SF,RB,15,0,34,0,,,,,,,,,,,,,,,38,25
Antonio Gibson,WAS,RB,35,48,61,38,,,,,,,,,,,,,,,123,45
Chris Rodriguez Jr.,WAS,RB,4,3,0,0,,,,,,,,,,,,,,,5,3
Brian Robinson Jr.,WAS,RB,61,52,37,55,,,,,,,,,,,,,,,144,52
James Conner,ARI,RB,84,72,64,62,,,,,,,,,,,,,,,182,70
Keaontay Ingram,ARI,RB,11,15,15,0,,,,,,,,,,,,,,,26,14
Jamaal Williams,NO,RB,75,23,0,0,,,,,,,,,,,,,,,67,47
Tony Jones Jr.,NO,RB,11,52,49,0,,,,,,,,,,,,,,,77,38
Adam Prentice,NO,RB,17,0,0,14,,,,,,,,,,,,,,,20,15
Tyjae Spears,TEN,RB,54,37,56,53,,,,,,,,,,,,,,,120,50
Derrick Henry,TEN,RB,48,71,38,59,,,,,,,,,,,,,,,133,55
Alexander Mattison,MIN,RB,73,76,80,69,,,,,,,,,,,,,,,190,75
Ty Chandler,MIN,RB,17,12,15,0,,,,,,,,,,,,,,,30,15
C.J. Ham,MIN,RB,34,0,10,10,,,,,,,,,,,,,,,35,18
Sean Tucker,TB,RB,15,24,9,0,,,,,,,,,,,,,,,31,17
Rachaad White,TB,RB,79,72,91,70,,,,,,,,,,,,,,,198,77
Chase Edmonds,TB,RB,12,4,0,0,,,,,,,,,,,,,,,11,8
Deon Jackson,IND,RB,71,0,0,0,,,,,,,,,,,,,,,51,71
Jake Funk,IND,RB,18,0,0,0,,,,,,,,,,,,,,,13,18
Evan Hull,IND,RB,11,0,0,0,,,,,,,,,,,,,,,8,11
Travis Etienne Jr.,JAC,RB,80,72,71,85,,,,,,,,,,,,,,,212,77
D'Ernest Johnson,JAC,RB,1,9,16,2,,,,,,,,,,,,,,,20,7
Tank Bigsby,JAC,RB,21,0,12,12,,,,,,,,,,,,,,,32,15
Austin Ekeler,LAC,RB,51,0,0,0,,,,,,,,,,,,,,,41,51
Joshua Kelley,LAC,RB,48,79,73,60,,,,,,,,,,,,,,,180,64
Salvon Ahmed,MIA,RB,28,19,0,0,,,,,,,,,,,,,,,31,24
Raheem Mostert,MIA,RB,73,73,51,43,,,,,,,,,,,,,,,160,60
Alec Ingold,MIA,RB,45,0,34,31,,,,,,,,,,,,,,,75,37
Kenneth Walker III,SEA,RB,63,61,51,71,,,,,,,,,,,,,,,153,60
DeeJay Dallas,SEA,RB,22,12,13,7,,,,,,,,,,,,,,,34,13
Zach Charbonnet,SEA,RB,24,26,43,24,,,,,,,,,,,,,,,76,30
Kyren Williams,LAR,RB,65,95,100,72,,,,,,,,,,,,,,,243,82
Cam Akers,Multi,RB,35,0,0,29,,,,,,,,,,,,,,,42,33
Rhamondre Stevenson,NE,RB,73,73,65,64,,,,,,,,,,,,,,,194,69
Ty Montgomery II,NE,RB,9,4,0,0,,,,,,,,,,,,,,,10,6
Ezekiel Elliott,NE,RB,35,30,38,40,,,,,,,,,,,,,,,99,35
Boston Scott,PHI,RB,12,13,0,0,,,,,,,,,,,,,,,18,13
Kenneth Gainwell,PHI,RB,62,0,46,38,,,,,,,,,,,,,,,105,48
D'Andre Swift,PHI,RB,29,75,54,63,,,,,,,,,,,,,,,165,56
D'Onta Foreman,CHI,RB,28,0,0,0,,,,,,,,,,,,,,,21,28
Khalil Herbert,CHI,RB,36,60,55,78,,,,,,,,,,,,,,,143,57
Roschon Johnson,CHI,RB,39,42,45,22,,,,,,,,,,,,,,,90,36
Khari Blasingame,CHI,RB,9,0,0,0,,,,,,,,,,,,,,,7,9
Patrick Taylor Jr.,GB,RB,12,22,39,0,,,,,,,,,,,,,,,49,26
AJ Dillon,GB,RB,48,68,52,67,,,,,,,,,,,,,,,142,58
Aaron Jones,GB,RB,47,0,0,35,,,,,,,,,,,,,,,48,41
Samaje Perine,DEN,RB,45,50,31,46,,,,,,,,,,,,,,,103,43
Jaleel McLaughlin,DEN,RB,8,5,21,33,,,,,,,,,,,,,,,37,15
Javonte Williams,DEN,RB,45,45,42,17,,,,,,,,,,,,,,,93,39
Michael Burton,DEN,RB,9,20,0,23,,,,,,,,,,,,,,,30,17
Josh Jacobs,LV,RB,80,72,82,70,,,,,,,,,,,,,,,186,76
Zamir White,LV,RB,8,15,0,10,,,,,,,,,,,,,,,18,10
Ameer Abdullah,LV,RB,12,15,17,21,,,,,,,,,,,,,,,40,16
Saquon Barkley,NYG,RB,64,97,0,0,,,,,,,,,,,,,,,111,80
Matt Breida,NYG,RB,23,3,82,73,,,,,,,,,,,,,,,114,43
Gary Brightwell,NYG,RB,16,3,18,25,,,,,,,,,,,,,,,41,16
Rico Dowdle,DAL,RB,16,21,14,9,,,,,,,,,,,,,,,44,15
Tony Pollard,DAL,RB,64,64,86,53,,,,,,,,,,,,,,,200,68
Deuce Vaughn,DAL,RB,14,15,0,31,,,,,,,,,,,,,,,43,20
Michael Carter,NYJ,RB,22,32,24,31,,,,,,,,,,,,,,,60,27
Dalvin Cook,NYJ,RB,50,36,25,25,,,,,,,,,,,,,,,75,34
Breece Hall,NYJ,RB,31,34,49,44,,,,,,,,,,,,,,,90,40
Latavius Murray,BUF,RB,23,23,25,33,,,,,,,,,,,,,,,70,26
Damien Harris,BUF,RB,13,18,13,28,,,,,,,,,,,,,,,48,18
James Cook,BUF,RB,59,59,62,40,,,,,,,,,,,,,,,152,56
Rashaad Penny,PHI,RB,0,12,0,0,,,,,,,,,,,,,,,9,12
Emanuel Wilson,GB,RB,0,10,10,0,,,,,,,,,,,,,,,13,10
Reggie Gilliam,BUF,RB,0,12,15,0,,,,,,,,,,,,,,,19,13
Chase Brown,CIN,RB,0,2,1,2,,,,,,,,,,,,,,,3,2
Julius Chestnut,TEN,RB,0,2,0,0,,,,,,,,,,,,,,,1,2
Elijah Dotson,LAC,RB,0,13,0,0,,,,,,,,,,,,,,,9,13
Isaiah Spiller,LAC,RB,0,6,24,23,,,,,,,,,,,,,,,35,18
Dare Ogunbowale,HOU,RB,0,19,0,0,,,,,,,,,,,,,,,16,19
Zack Moss,IND,RB,0,98,76,83,,,,,,,,,,,,,,,173,84
Craig Reynolds,DET,RB,0,15,29,1,,,,,,,,,,,,,,,31,15
Ronnie Rivers,LAR,RB,0,5,0,28,,,,,,,,,,,,,,,27,17
Emari Demercado,ARI,RB,0,12,18,35,,,,,,,,,,,,,,,44,22
Hunter Luepke,DAL,RB,0,21,10,20,,,,,,,,,,,,,,,40,17
De'Von Achane,MIA,RB,0,10,41,60,,,,,,,,,,,,,,,75,37
Pierre Strong Jr.,CLE,RB,0,15,11,13,,,,,,,,,,,,,,,30,13
Kyle Juszczyk,SF,RB,0,0,51,65,,,,,,,,,,,,,,,78,57
Jordan Mason,SF,RB,0,0,5,15,,,,,,,,,,,,,,,12,9
Chris Brooks,MIA,RB,0,0,18,0,,,,,,,,,,,,,,,13,18
Nick Bawden,NYJ,RB,0,0,8,0,,,,,,,,,,,,,,,5,8
Zonovan Knight,DET,RB,0,0,10,0,,,,,,,,,,,,,,,7,10
Kendre Miller,NO,RB,0,0,34,8,,,,,,,,,,,,,,,26,21
Kenyan Drake,BAL,RB,0,0,15,0,,,,,,,,,,,,,,,11,15
Melvin Gordon III,BAL,RB,0,0,40,19,,,,,,,,,,,,,,,40,31
Trey Sermon,IND,RB,0,0,21,16,,,,,,,,,,,,,,,28,19
Kareem Hunt,CLE,RB,0,0,20,22,,,,,,,,,,,,,,,29,21
Jakob Johnson,LV,RB,0,0,10,34,,,,,,,,,,,,,,,32,22
Travis Homer,CHI,RB,0,0,4,0,,,,,,,,,,,,,,,2,4
JaMycal Hasty,JAC,RB,0,0,0,8,,,,,,,,,,,,,,,5,8
Alvin Kamara,NO,RB,0,0,0,75,,,,,,,,,,,,,,,49,75
Ke'Shawn Vaughn,TB,RB,0,0,0,30,,,,,,,,,,,,,,,21,30
Derrick Gore,WAS,RB,0,0,0,8,,,,,,,,,,,,,,,6,8
Patrick Ricard,BAL,RB,0,0,0,40,,,,,,,,,,,,,,,23,40
Kadarius Toney,KC,WR,25,28,3,24,,,,,,,,,,,,,,,54,19
Rashee Rice,KC,WR,31,18,51,46,,,,,,,,,,,,,,,103,37
Skyy Moore,KC,WR,69,58,65,59,,,,,,,,,,,,,,,175,63
Richie James Jr.,KC,WR,35,4,0,0,,,,,,,,,,,,,,,26,20
Justin Watson,KC,WR,29,46,40,61,,,,,,,,,,,,,,,124,44
Justyn Ross,KC,WR,9,0,38,0,,,,,,,,,,,,,,,35,25
Marquez Valdes-Scantling,KC,WR,63,82,53,54,,,,,,,,,,,,,,,175,63
Kalif Raymond,DET,WR,27,42,36,23,,,,,,,,,,,,,,,89,32
Josh Reynolds,DET,WR,70,80,0,73,,,,,,,,,,,,,,,157,74
Amon-Ra St. Brown,DET,WR,94,74,94,88,,,,,,,,,,,,,,,247,88
Marvin Jones Jr.,DET,WR,56,52,0,28,,,,,,,,,,,,,,,94,45
Zay Flowers,BAL,WR,84,77,93,98,,,,,,,,,,,,,,,236,88
Odell Beckham Jr.,BAL,WR,92,52,0,0,,,,,,,,,,,,,,,98,71
Rashod Bateman,BAL,WR,39,59,69,0,,,,,,,,,,,,,,,119,56
Devin Duvernay,BAL,WR,11,29,25,60,,,,,,,,,,,,,,,82,30
Noah Brown,HOU,WR,68,0,0,0,,,,,,,,,,,,,,,52,68
Xavier Hutchinson,HOU,WR,9,21,0,0,,,,,,,,,,,,,,,25,16
Robert Woods,HOU,WR,75,86,77,72,,,,,,,,,,,,,,,224,78
Nico Collins,HOU,WR,71,62,66,76,,,,,,,,,,,,,,,198,69
Tank Dell,HOU,WR,48,79,61,70,,,,,,,,,,,,,,,187,65
Mack Hollins,ATL,WR,63,71,72,79,,,,,,,,,,,,,,,185,71
Drake London,ATL,WR,90,82,93,86,,,,,,,,,,,,,,,226,87
Scott Miller,ATL,WR,19,12,0,0,,,,,,,,,,,,,,,20,15
Laviska Shenault Jr.,CAR,WR,32,17,14,18,,,,,,,,,,,,,,,59,20
Jonathan Mingo,CAR,WR,87,98,33,0,,,,,,,,,,,,,,,152,70
Adam Thielen,CAR,WR,88,87,92,90,,,,,,,,,,,,,,,258,90
Terrace Marshall Jr.,CAR,WR,90,0,59,62,,,,,,,,,,,,,,,161,71
Ihmir Smith-Marsette,CAR,WR,3,0,4,7,,,,,,,,,,,,,,,10,4
Elijah Moore,CLE,WR,69,77,76,83,,,,,,,,,,,,,,,229,76
Amari Cooper,CLE,WR,62,72,80,81,,,,,,,,,,,,,,,222,74
Donovan Peoples-Jones,CLE,WR,89,87,89,90,,,,,,,,,,,,,,,267,89
Marquise Goodwin,CLE,WR,14,17,7,6,,,,,,,,,,,,,,,34,11
David Bell,CLE,WR,14,13,0,0,,,,,,,,,,,,,,,21,13
Ja'Marr Chase,CIN,WR,96,98,96,94,,,,,,,,,,,,,,,237,96
Tyler Boyd,CIN,WR,84,92,77,91,,,,,,,,,,,,,,,209,85
Tee Higgins,CIN,WR,95,88,86,51,,,,,,,,,,,,,,,199,81
George Pickens,PIT,WR,89,85,89,98,,,,,,,,,,,,,,,215,90
Allen Robinson II,PIT,WR,89,87,81,85,,,,,,,,,,,,,,,203,85
Calvin Austin III,PIT,WR,56,76,73,90,,,,,,,,,,,,,,,174,73
Diontae Johnson,PIT,WR,43,0,0,0,,,,,,,,,,,,,,,27,43
Deebo Samuel,SF,WR,87,89,82,87,,,,,,,,,,,,,,,226,86
Jauan Jennings,SF,WR,32,47,37,0,,,,,,,,,,,,,,,80,38
Brandon Aiyuk,SF,WR,85,53,0,76,,,,,,,,,,,,,,,130,72
Ray-Ray McCloud III,SF,WR,4,7,46,24,,,,,,,,,,,,,,,58,22
Curtis Samuel,WAS,WR,65,62,74,69,,,,,,,,,,,,,,,185,67
Terry McLaurin,WAS,WR,89,74,81,81,,,,,,,,,,,,,,,224,81
Jahan Dotson,WAS,WR,87,85,94,72,,,,,,,,,,,,,,,231,84
Dyami Brown,WAS,WR,27,32,22,32,,,,,,,,,,,,,,,79,29
Marquise Brown,ARI,WR,84,94,95,94,,,,,,,,,,,,,,,238,92
Rondale Moore,ARI,WR,68,65,54,76,,,,,,,,,,,,,,,171,66
Michael Wilson,ARI,WR,90,43,67,70,,,,,,,,,,,,,,,175,68
Zach Pascal,ARI,WR,8,35,23,30,,,,,,,,,,,,,,,63,24
Rashid Shaheed,NO,WR,54,49,72,58,,,,,,,,,,,,,,,155,58
Michael Thomas,NO,WR,80,78,75,80,,,,,,,,,,,,,,,210,78
Keith Kirkwood,NO,WR,34,22,28,0,,,,,,,,,,,,,,,56,28
Chris Olave,NO,WR,78,79,80,82,,,,,,,,,,,,,,,214,80
Treylon Burks,TEN,WR,90,65,75,0,,,,,,,,,,,,,,,135,77
Chris Moore,TEN,WR,14,46,38,79,,,,,,,,,,,,,,,109,45
DeAndre Hopkins,TEN,WR,78,60,73,53,,,,,,,,,,,,,,,158,65
Nick Westbrook-Ikhine,TEN,WR,81,68,0,83,,,,,,,,,,,,,,,150,77
Justin Jefferson,MIN,WR,98,100,95,98,,,,,,,,,,,,,,,246,98
Jordan Addison,MIN,WR,56,69,71,58,,,,,,,,,,,,,,,162,64
K.J. Osborn,MIN,WR,91,97,93,83,,,,,,,,,,,,,,,230,91
Rakim Jarrett,TB,WR,9,23,0,18,,,,,,,,,,,,,,,35,17
Deven Thompkins,TB,WR,26,45,21,63,,,,,,,,,,,,,,,105,41
Mike Evans,TB,WR,84,61,81,37,,,,,,,,,,,,,,,164,64
Chris Godwin,TB,WR,85,75,87,75,,,,,,,,,,,,,,,205,80
Trey Palmer,TB,WR,34,49,72,75,,,,,,,,,,,,,,,145,56
Josh Downs,IND,WR,79,75,80,73,,,,,,,,,,,,,,,214,77
Alec Pierce,IND,WR,92,100,96,91,,,,,,,,,,,,,,,262,95
Michael Pittman Jr.,IND,WR,97,98,100,95,,,,,,,,,,,,,,,271,98
Isaiah McKenzie,IND,WR,1,4,11,11,,,,,,,,,,,,,,,19,7
Jamal Agnew,JAC,WR,4,37,55,0,,,,,,,,,,,,,,,68,32
Calvin Ridley,JAC,WR,81,79,82,80,,,,,,,,,,,,,,,223,81
Christian Kirk,JAC,WR,60,81,86,79,,,,,,,,,,,,,,,211,76
Zay Jones,JAC,WR,89,66,0,0,,,,,,,,,,,,,,,106,77
Keenan Allen,LAC,WR,91,94,89,75,,,,,,,,,,,,,,,246,88
Joshua Palmer,LAC,WR,64,54,61,86,,,,,,,,,,,,,,,185,66
Mike Williams,LAC,WR,77,90,67,0,,,,,,,,,,,,,,,167,78
Quentin Johnston,LAC,WR,27,15,24,51,,,,,,,,,,,,,,,81,29
Derius Davis,LAC,WR,4,16,9,18,,,,,,,,,,,,,,,32,11
Erik Ezukanma,MIA,WR,28,16,0,0,,,,,,,,,,,,,,,29,22
Tyreek Hill,MIA,WR,66,86,53,72,,,,,,,,,,,,,,,184,69
Jaylen Waddle,MIA,WR,64,73,0,75,,,,,,,,,,,,,,,138,71
River Cracraft,MIA,WR,40,29,34,0,,,,,,,,,,,,,,,70,34
Braxton Berrios,MIA,WR,52,33,51,49,,,,,,,,,,,,,,,125,47
Tyler Lockett,SEA,WR,88,86,81,69,,,,,,,,,,,,,,,206,81
DK Metcalf,SEA,WR,94,83,72,71,,,,,,,,,,,,,,,201,79
Jaxon Smith-Njigba,SEA,WR,59,56,44,53,,,,,,,,,,,,,,,132,52
Tutu Atwell,LAR,WR,79,94,87,78,,,,,,,,,,,,,,,251,84
Ben Skowronek,LAR,WR,26,25,22,0,,,,,,,,,,,,,,,53,25
Van Jefferson,LAR,WR,93,82,93,87,,,,,,,,,,,,,,,263,88
Puka Nacua,LAR,WR,78,86,96,95,,,,,,,,,,,,,,,263,88
Demario Douglas,NE,WR,41,8,24,33,,,,,,,,,,,,,,,74,26
Kendrick Bourne,NE,WR,91,51,56,53,,,,,,,,,,,,,,,180,64
JuJu Smith-Schuster,NE,WR,54,59,74,47,,,,,,,,,,,,,,,166,59
Kayshon Boutte,NE,WR,69,0,0,0,,,,,,,,,,,,,,,55,69
DeVonta Smith,PHI,WR,98,100,99,99,,,,,,,,,,,,,,,291,99
Quez Watkins,PHI,WR,79,0,0,0,,,,,,,,,,,,,,,52,79
A.J. Brown,PHI,WR,91,96,82,96,,,,,,,,,,,,,,,268,91
Tyler Scott,CHI,WR,18,0,20,19,,,,,,,,,,,,,,,37,19
Darnell Mooney,CHI,WR,84,0,71,75,,,,,,,,,,,,,,,152,77
DJ Moore,CHI,WR,92,91,100,93,,,,,,,,,,,,,,,234,94
Chase Claypool,CHI,WR,78,79,86,0,,,,,,,,,,,,,,,144,81
Trent Taylor,CHI,WR,5,43,0,0,,,,,,,,,,,,,,,27,21
Jayden Reed,GB,WR,53,56,66,67,,,,,,,,,,,,,,,150,61
Malik Heath,GB,WR,48,20,14,0,,,,,,,,,,,,,,,50,26
Samori Toure,GB,WR,35,46,42,19,,,,,,,,,,,,,,,88,36
Romeo Doubs,GB,WR,48,76,86,88,,,,,,,,,,,,,,,185,75
Dontayvion Wicks,GB,WR,62,50,66,58,,,,,,,,,,,,,,,147,60
Lil'Jordan Humphrey,DEN,WR,70,32,0,21,,,,,,,,,,,,,,,76,43
Phillip Dorsett II,DEN,WR,9,0,0,0,,,,,,,,,,,,,,,6,9
Courtland Sutton,DEN,WR,86,89,95,83,,,,,,,,,,,,,,,213,89
Brandon Johnson,DEN,WR,50,45,60,35,,,,,,,,,,,,,,,116,48
Marvin Mims Jr.,DEN,WR,27,24,24,35,,,,,,,,,,,,,,,65,27
DeAndre Carter,LV,WR,17,22,11,11,,,,,,,,,,,,,,,35,14
Davante Adams,LV,WR,90,92,97,86,,,,,,,,,,,,,,,223,91
Jakobi Meyers,LV,WR,80,0,86,96,,,,,,,,,,,,,,,179,88
Parris Campbell,NYG,WR,67,66,42,31,,,,,,,,,,,,,,,136,52
Lawrence Cager,NYG,WR,29,0,0,0,,,,,,,,,,,,,,,20,29
Darius Slayton,NYG,WR,67,82,84,88,,,,,,,,,,,,,,,211,80
Sterling Shepard,NYG,WR,20,15,0,7,,,,,,,,,,,,,,,29,14
Jalin Hyatt,NYG,WR,36,21,0,60,,,,,,,,,,,,,,,84,39
Isaiah Hodgins,NYG,WR,60,75,66,37,,,,,,,,,,,,,,,154,59
KaVontae Turpin,DAL,WR,19,18,2,30,,,,,,,,,,,,,,,50,17
CeeDee Lamb,DAL,WR,79,72,83,63,,,,,,,,,,,,,,,220,74
Brandin Cooks,DAL,WR,59,0,80,70,,,,,,,,,,,,,,,148,71
Michael Gallup,DAL,WR,67,72,69,53,,,,,,,,,,,,,,,195,66
Jalen Tolbert,DAL,WR,28,68,0,34,,,,,,,,,,,,,,,99,46
Randall Cobb,NYJ,WR,41,49,73,39,,,,,,,,,,,,,,,114,51
Allen Lazard,NYJ,WR,78,94,97,86,,,,,,,,,,,,,,,198,89
Garrett Wilson,NYJ,WR,93,91,97,93,,,,,,,,,,,,,,,209,94
Xavier Gipson,NYJ,WR,2,0,0,19,,,,,,,,,,,,,,,12,11
Deonte Harty,BUF,WR,22,19,19,26,,,,,,,,,,,,,,,58,21
Gabe Davis,BUF,WR,94,74,76,72,,,,,,,,,,,,,,,217,79
Stefon Diggs,BUF,WR,84,87,66,76,,,,,,,,,,,,,,,215,79
Khalil Shakir,BUF,WR,0,15,24,28,,,,,,,,,,,,,,,44,22
Tre Tucker,LV,WR,0,22,0,0,,,,,,,,,,,,,,,9,23
Hunter Renfrow,LV,WR,0,65,51,45,,,,,,,,,,,,,,,96,52
Nelson Agholor,BAL,WR,0,33,72,74,,,,,,,,,,,,,,,120,59
Velus Jones Jr.,CHI,WR,0,8,0,4,,,,,,,,,,,,,,,7,6
Tim Jones,JAC,WR,0,9,33,59,,,,,,,,,,,,,,,69,33
John Metchie III,HOU,WR,0,17,27,23,,,,,,,,,,,,,,,45,21
Antoine Green,DET,WR,0,11,0,0,,,,,,,,,,,,,,,7,11
Jake Bobo,SEA,WR,0,25,41,38,,,,,,,,,,,,,,,70,35
Austin Trammell,LAR,WR,0,1,0,0,,,,,,,,,,,,,,,1,1
Ronnie Bell,SF,WR,0,47,37,16,,,,,,,,,,,,,,,67,34
Mecole Hardman Jr.,NYJ,WR,0,30,0,0,,,,,,,,,,,,,,,14,30
Jerry Jeudy,DEN,WR,0,68,76,62,,,,,,,,,,,,,,,122,69
Byron Pringle,WAS,WR,0,18,0,23,,,,,,,,,,,,,,,31,21
DeVante Parker,NE,WR,0,100,76,82,,,,,,,,,,,,,,,174,87
DJ Chark Jr.,CAR,WR,0,62,94,92,,,,,,,,,,,,,,,177,84
Miles Boykin,PIT,WR,0,7,0,0,,,,,,,,,,,,,,,4,7
Gunner Olszewski,PIT,WR,0,2,0,0,,,,,,,,,,,,,,,1,2
Wan'Dale Robinson,NYG,WR,0,0,22,64,,,,,,,,,,,,,,,59,47
Robbie Chosen,MIA,WR,0,0,58,28,,,,,,,,,,,,,,,60,43
KhaDarel Hodge,ATL,WR,0,0,19,24,,,,,,,,,,,,,,,27,22
Trent Sherfield,BUF,WR,0,0,46,47,,,,,,,,,,,,,,,58,46
Brandon Powell,MIN,WR,0,0,5,2,,,,,,,,,,,,,,,5,4
Mason Kinsey,TEN,WR,0,0,4,2,,,,,,,,,,,,,,,3,3
Olamide Zaccheaus,PHI,WR,0,0,55,86,,,,,,,,,,,,,,,105,70
Britain Covey,PHI,WR,0,0,5,8,,,,,,,,,,,,,,,10,7
Charlie Jones,CIN,WR,0,0,4,0,,,,,,,,,,,,,,,3,4
Christian Watson,GB,WR,0,0,0,46,,,,,,,,,,,,,,,26,46
Parker Washington,JAC,WR,0,0,0,2,,,,,,,,,,,,,,,1,2
Lynn Bowden Jr.,NO,WR,0,0,0,17,,,,,,,,,,,,,,,11,17
Cedrick Wilson Jr.,MIA,WR,0,0,0,35,,,,,,,,,,,,,,,23,35
Colton Dowell,TEN,WR,0,0,0,23,,,,,,,,,,,,,,,15,23
Trenton Irwin,CIN,WR,0,0,0,42,,,,,,,,,,,,,,,22,42
Andrei Iosivas,CIN,WR,0,0,0,19,,,,,,,,,,,,,,,10,19
Cedric Tillman,CLE,WR,0,0,0,20,,,,,,,,,,,,,,,14,20
Laquon Treadwell,BAL,WR,0,0,0,29,,,,,,,,,,,,,,,17,29
Equanimeous St. Brown,CHI,WR,0,0,0,58,,,,,,,,,,,,,,,42,58
Willie Snead IV,SF,WR,0,0,0,13,,,,,,,,,,,,,,,7,13
Greg Dortch,ARI,WR,0,0,0,1,,,,,,,,,,,,,,,1,1
Cody Thompson,SEA,WR,0,0,0,11,,,,,,,,,,,,,,,6,11
Noah Gray,KC,TE,88,61,61,49,,,,,,,,,,,,,,,179,64
Blake Bell,KC,TE,40,0,0,0,,,,,,,,,,,,,,,26,40
Sam LaPorta,DET,TE,83,82,74,80,,,,,,,,,,,,,,,224,80
Brock Wright,DET,TE,39,0,0,0,,,,,,,,,,,,,,,27,39
Isaiah Likely,BAL,TE,72,33,26,26,,,,,,,,,,,,,,,105,39
Charlie Kolar,BAL,TE,20,0,0,0,,,,,,,,,,,,,,,13,20
Andrew Beck,HOU,TE,19,20,50,48,,,,,,,,,,,,,,,94,33
Dalton Schultz,HOU,TE,81,71,68,49,,,,,,,,,,,,,,,195,68
Teagan Quitoriano,HOU,TE,29,0,34,0,,,,,,,,,,,,,,,41,31
Kyle Pitts,ATL,TE,62,70,78,64,,,,,,,,,,,,,,,178,69
Jonnu Smith,ATL,TE,50,67,72,55,,,,,,,,,,,,,,,161,62
Parker Hesse,ATL,TE,13,0,0,0,,,,,,,,,,,,,,,7,13
Giovanni Ricci,CAR,TE,10,0,0,4,,,,,,,,,,,,,,,11,7
Hayden Hurst,CAR,TE,53,55,61,51,,,,,,,,,,,,,,,159,55
Ian Thomas,CAR,TE,19,0,16,35,,,,,,,,,,,,,,,53,23
Tommy Tremble,CAR,TE,23,13,28,0,,,,,,,,,,,,,,,48,22
Jordan Akins,CLE,TE,31,10,0,22,,,,,,,,,,,,,,,47,20
David Njoku,CLE,TE,73,85,73,70,,,,,,,,,,,,,,,228,76
Harrison Bryant,CLE,TE,36,30,35,17,,,,,,,,,,,,,,,90,30
Irv Smith Jr.,CIN,TE,54,77,0,0,,,,,,,,,,,,,,,76,65
Mitchell Wilcox,CIN,TE,12,0,42,36,,,,,,,,,,,,,,,58,31
Pat Freiermuth,PIT,TE,51,76,79,51,,,,,,,,,,,,,,,152,64
Connor Heyward,PIT,TE,27,19,21,25,,,,,,,,,,,,,,,55,23
George Kittle,SF,TE,69,96,83,96,,,,,,,,,,,,,,,224,85
Charlie Woerner,SF,TE,31,16,0,0,,,,,,,,,,,,,,,30,24
Logan Thomas,WAS,TE,82,40,0,79,,,,,,,,,,,,,,,149,67
Cole Turner,WAS,TE,14,32,57,8,,,,,,,,,,,,,,,70,25
John Bates,WAS,TE,37,52,57,35,,,,,,,,,,,,,,,122,44
Geoff Swaim,ARI,TE,29,0,0,28,,,,,,,,,,,,,,,38,29
Trey McBride,ARI,TE,37,51,49,27,,,,,,,,,,,,,,,105,41
Zach Ertz,ARI,TE,77,68,59,76,,,,,,,,,,,,,,,182,70
Taysom Hill,NO,TE,14,40,30,51,,,,,,,,,,,,,,,91,34
Juwan Johnson,NO,TE,75,81,70,0,,,,,,,,,,,,,,,154,76
Chigoziem Okonkwo,TEN,TE,83,69,81,65,,,,,,,,,,,,,,,179,74
Trevon Wesco,TEN,TE,40,62,0,0,,,,,,,,,,,,,,,65,51
T.J. Hockenson,MIN,TE,75,86,89,88,,,,,,,,,,,,,,,213,85
Josh Oliver,MIN,TE,47,34,33,46,,,,,,,,,,,,,,,99,39
Ko Kieft,TB,TE,47,0,0,21,,,,,,,,,,,,,,,47,34
Cade Otton,TB,TE,97,97,91,100,,,,,,,,,,,,,,,249,97
Kylen Granson,IND,TE,61,65,52,55,,,,,,,,,,,,,,,160,58
Mo Alie-Cox,IND,TE,42,40,0,27,,,,,,,,,,,,,,,70,36
Andrew Ogletree,IND,TE,21,0,33,44,,,,,,,,,,,,,,,71,32
Evan Engram,JAC,TE,73,75,71,73,,,,,,,,,,,,,,,201,73
Gerald Everett,LAC,TE,68,41,58,69,,,,,,,,,,,,,,,166,59
Donald Parham Jr.,LAC,TE,49,50,52,23,,,,,,,,,,,,,,,123,44
Durham Smythe,MIA,TE,100,97,36,85,,,,,,,,,,,,,,,209,78
Colby Parkinson,SEA,TE,43,50,71,58,,,,,,,,,,,,,,,143,57
Will Dissly,SEA,TE,31,51,0,0,,,,,,,,,,,,,,,53,43
Tyler Higbee,LAR,TE,91,92,96,94,,,,,,,,,,,,,,,278,93
Brycen Hopkins,LAR,TE,28,11,0,10,,,,,,,,,,,,,,,40,16
Mike Gesicki,NE,TE,41,72,47,60,,,,,,,,,,,,,,,153,54
Hunter Henry,NE,TE,79,92,86,80,,,,,,,,,,,,,,,237,84
Dallas Goedert,PHI,TE,92,96,92,100,,,,,,,,,,,,,,,280,95
Jack Stoll,PHI,TE,20,0,51,0,,,,,,,,,,,,,,,54,37
Cole Kmet,CHI,TE,97,68,76,74,,,,,,,,,,,,,,,200,80
Robert Tonyan,CHI,TE,5,34,0,26,,,,,,,,,,,,,,,41,21
Luke Musgrave,GB,TE,75,88,86,25,,,,,,,,,,,,,,,171,70
Josiah Deguara,GB,TE,32,38,22,63,,,,,,,,,,,,,,,91,37
Greg Dulcich,DEN,TE,33,0,0,0,,,,,,,,,,,,,,,21,33
Adam Trautman,DEN,TE,72,82,87,88,,,,,,,,,,,,,,,196,82
Chris Manhertz,DEN,TE,39,0,21,44,,,,,,,,,,,,,,,59,34
Austin Hooper,LV,TE,53,42,0,51,,,,,,,,,,,,,,,85,49
Michael Mayer,LV,TE,49,40,47,0,,,,,,,,,,,,,,,79,46
Daniel Bellinger,NYG,TE,63,41,60,8,,,,,,,,,,,,,,,108,41
Darren Waller,NYG,TE,54,90,82,92,,,,,,,,,,,,,,,209,79
Peyton Hendershot,DAL,TE,48,36,46,0,,,,,,,,,,,,,,,96,42
Jake Ferguson,DAL,TE,72,60,69,56,,,,,,,,,,,,,,,189,64
Tyler Conklin,NYJ,TE,80,87,76,68,,,,,,,,,,,,,,,172,77
Dawson Knox,BUF,TE,84,71,60,50,,,,,,,,,,,,,,,183,67
Dalton Kincaid,BUF,TE,80,60,51,52,,,,,,,,,,,,,,,167,61
MyCole Pruitt,ATL,TE,0,46,27,33,,,,,,,,,,,,,,,75,36
Drew Sample,CIN,TE,0,23,44,32,,,,,,,,,,,,,,,65,34
Mark Andrews,BAL,TE,0,79,82,69,,,,,,,,,,,,,,,158,77
David Wells,TB,TE,0,25,0,0,,,,,,,,,,,,,,,18,25
Travis Kelce,KC,TE,0,64,61,79,,,,,,,,,,,,,,,145,68
Josh Whyle,TEN,TE,0,22,0,29,,,,,,,,,,,,,,,33,25
Stone Smartt,LAC,TE,0,32,0,40,,,,,,,,,,,,,,,48,36
Brevin Jordan,HOU,TE,0,18,18,20,,,,,,,,,,,,,,,39,18
Will Mallory,IND,TE,0,19,0,0,,,,,,,,,,,,,,,11,19
Noah Fant,SEA,TE,0,47,63,45,,,,,,,,,,,,,,,106,52
Luke Schoonmaker,DAL,TE,0,36,23,56,,,,,,,,,,,,,,,89,37
Foster Moreau,NO,TE,0,47,0,0,,,,,,,,,,,,,,,36,47
Jimmy Graham,NO,TE,0,13,28,0,,,,,,,,,,,,,,,27,20
Ben Sims,GB,TE,0,10,0,11,,,,,,,,,,,,,,,11,10
Julian Hill,MIA,TE,0,0,78,15,,,,,,,,,,,,,,,67,49
Nate Adkins,DEN,TE,0,0,10,12,,,,,,,,,,,,,,,12,11
C.J. Uzomah,NYJ,TE,0,0,44,36,,,,,,,,,,,,,,,49,40
Pharaoh Brown,NE,TE,0,0,35,0,,,,,,,,,,,,,,,25,35
Brenton Strange,JAC,TE,0,0,29,36,,,,,,,,,,,,,,,45,32
Luke Farrell,JAC,TE,0,0,34,39,,,,,,,,,,,,,,,51,37
Johnny Mundt,MIN,TE,0,0,9,0,,,,,,,,,,,,,,,7,9
Tre' McKitty,LAC,TE,0,0,15,0,,,,,,,,,,,,,,,10,15
Brady Russell,SEA,TE,0,0,7,0,,,,,,,,,,,,,,,5,7
Tanner Hudson,CIN,TE,0,0,47,43,,,,,,,,,,,,,,,59,45
Tucker Kraft,GB,TE,0,0,0,23,,,,,,,,,,,,,,,13,23
Darnell Washington,PIT,TE,0,0,0,42,,,,,,,,,,,,,,,25,42
Marcedes Lewis,CHI,TE,0,0,0,29,,,,,,,,,,,,,,,21,29
Sean McKeon,DAL,TE,0,0,0,26,,,,,,,,,,,,,,,18,26
Brayden Willis,SF,TE,0,0,0,2,,,,,,,,,,,,,,,1,2
Jeremy Ruckert,NYJ,TE,0,0,0,42,,,,,,,,,,,,,,,25,42
Matt Dickerson,KC,DL,59,28,0,0,,,,,,,,,,,,,,,60,44
Keondre Coburn,KC,DL,13,0,0,0,,,,,,,,,,,,,,,9,13
Mike Danna,KC,DL,86,78,57,85,,,,,,,,,,,,,,,191,77
Felix Anudike-Uzomah,KC,DL,27,24,49,22,,,,,,,,,,,,,,,73,30
Derrick Nnadi,KC,DL,56,51,27,46,,,,,,,,,,,,,,,114,46
George Karlaftis III,KC,DL,84,81,65,86,,,,,,,,,,,,,,,197,80
John Cominsky,DET,DL,42,0,66,63,,,,,,,,,,,,,,,107,57
Benito Jones,DET,DL,62,67,25,0,,,,,,,,,,,,,,,105,51
Aidan Hutchinson,DET,DL,91,94,84,95,,,,,,,,,,,,,,,237,91
Alim McNeill,DET,DL,66,76,60,60,,,,,,,,,,,,,,,172,66
Charles Harris,DET,DL,80,57,61,67,,,,,,,,,,,,,,,172,66
Josh Paschal,DET,DL,26,0,0,0,,,,,,,,,,,,,,,17,26
Travis Jones,BAL,DL,26,33,26,39,,,,,,,,,,,,,,,89,30
Justin Madubuike,BAL,DL,74,60,76,57,,,,,,,,,,,,,,,196,68
Michael Pierce,BAL,DL,55,62,64,0,,,,,,,,,,,,,,,133,60
David Ojabo,BAL,DL,48,70,5,0,,,,,,,,,,,,,,,83,38
Odafe Oweh,BAL,DL,64,23,0,0,,,,,,,,,,,,,,,63,46
Broderick Washington Jr.,BAL,DL,45,0,0,41,,,,,,,,,,,,,,,63,43
Jadeveon Clowney,BAL,DL,60,78,58,57,,,,,,,,,,,,,,,181,63
Dylan Horton,HOU,DL,22,0,41,34,,,,,,,,,,,,,,,64,33
Maliek Collins,HOU,DL,66,61,51,63,,,,,,,,,,,,,,,151,60
Will Anderson Jr.,HOU,DL,75,72,60,61,,,,,,,,,,,,,,,169,67
Sheldon Rankins,HOU,DL,69,60,0,59,,,,,,,,,,,,,,,113,63
Hassan Ridgeway,HOU,DL,23,0,0,0,,,,,,,,,,,,,,,15,23
Kurt Hinish,HOU,DL,33,53,49,51,,,,,,,,,,,,,,,117,46
Jonathan Greenard,HOU,DL,77,72,59,54,,,,,,,,,,,,,,,165,65
Albert Huggins,ATL,DL,32,0,0,0,,,,,,,,,,,,,,,25,32
Arnold Ebiketie,ATL,DL,23,62,16,42,,,,,,,,,,,,,,,88,33
Zach Harrison,ATL,DL,30,34,24,30,,,,,,,,,,,,,,,77,29
Grady Jarrett,ATL,DL,64,72,74,74,,,,,,,,,,,,,,,186,71
David Onyemata,ATL,DL,52,62,61,67,,,,,,,,,,,,,,,158,60
Ta'Quon Graham,ATL,DL,30,28,24,26,,,,,,,,,,,,,,,71,27
Calais Campbell,ATL,DL,66,56,66,59,,,,,,,,,,,,,,,164,62
Brian Burns,CAR,DL,96,79,68,90,,,,,,,,,,,,,,,205,81
Derrick Brown,CAR,DL,96,94,83,79,,,,,,,,,,,,,,,222,88
DeShawn Williams,CAR,DL,65,61,47,50,,,,,,,,,,,,,,,140,56
Justin Houston,CAR,DL,52,60,49,38,,,,,,,,,,,,,,,128,51
Nick Thurman,CAR,DL,38,32,35,0,,,,,,,,,,,,,,,71,35
Shy Tuttle,CAR,DL,63,57,52,65,,,,,,,,,,,,,,,147,58
Myles Garrett,CLE,DL,77,76,77,79,,,,,,,,,,,,,,,167,77
Shelby Harris,CLE,DL,41,39,40,38,,,,,,,,,,,,,,,85,39
Dalvin Tomlinson,CLE,DL,62,65,54,60,,,,,,,,,,,,,,,131,61
Jordan Elliott,CLE,DL,46,44,33,50,,,,,,,,,,,,,,,95,44
Alex Wright,CLE,DL,27,20,35,29,,,,,,,,,,,,,,,60,27
Jay Tufele,CIN,DL,4,0,0,18,,,,,,,,,,,,,,,15,11
Sam Hubbard,CIN,DL,82,77,84,70,,,,,,,,,,,,,,,211,78
Cam Sample,CIN,DL,39,0,29,41,,,,,,,,,,,,,,,72,37
D.J. Reader,CIN,DL,69,67,51,53,,,,,,,,,,,,,,,164,61
B.J. Hill,CIN,DL,76,75,78,62,,,,,,,,,,,,,,,196,73
Trey Hendrickson,CIN,DL,59,71,84,61,,,,,,,,,,,,,,,183,68
Josh Tupou,CIN,DL,34,28,0,36,,,,,,,,,,,,,,,70,32
DeMarvin Leal,PIT,DL,38,45,46,30,,,,,,,,,,,,,,,119,40
Isaiahh Loudermilk,PIT,DL,46,0,0,18,,,,,,,,,,,,,,,44,32
Keeanu Benton,PIT,DL,43,32,29,41,,,,,,,,,,,,,,,107,36
Montravius Adams,PIT,DL,50,60,65,58,,,,,,,,,,,,,,,174,58
Larry Ogunjobi,PIT,DL,63,59,68,65,,,,,,,,,,,,,,,189,64
Cameron Heyward,PIT,DL,21,0,0,0,,,,,,,,,,,,,,,14,21
Drake Jackson,SF,DL,44,50,60,58,,,,,,,,,,,,,,,139,52
Nick Bosa,SF,DL,56,79,78,68,,,,,,,,,,,,,,,185,70
Clelin Ferrell,SF,DL,49,55,40,48,,,,,,,,,,,,,,,129,49
Javon Kinlaw,SF,DL,38,36,0,42,,,,,,,,,,,,,,,83,39
Arik Armstead,SF,DL,65,68,72,61,,,,,,,,,,,,,,,174,66
Javon Hargrave,SF,DL,67,64,68,56,,,,,,,,,,,,,,,167,63
Kerry Hyder Jr.,SF,DL,25,0,0,0,,,,,,,,,,,,,,,16,25
Daron Payne,WAS,DL,81,77,79,94,,,,,,,,,,,,,,,222,83
Montez Sweat,WAS,DL,82,73,72,82,,,,,,,,,,,,,,,206,77
Abdullah Anderson,WAS,DL,16,0,0,8,,,,,,,,,,,,,,,16,12
John Ridgeway,WAS,DL,26,29,29,18,,,,,,,,,,,,,,,68,25
Jonathan Allen,WAS,DL,92,86,82,80,,,,,,,,,,,,,,,227,85
James Smith-Williams,WAS,DL,68,32,0,23,,,,,,,,,,,,,,,79,40
Jonathan Ledbetter,ARI,DL,58,74,62,0,,,,,,,,,,,,,,,141,64
Cameron Thomas,ARI,DL,37,40,43,35,,,,,,,,,,,,,,,107,39
Victor Dimukeje,ARI,DL,35,32,56,49,,,,,,,,,,,,,,,119,43
Leki Fotu,ARI,DL,24,0,52,76,,,,,,,,,,,,,,,101,49
Kevin Strong,ARI,DL,44,74,53,55,,,,,,,,,,,,,,,154,56
BJ Ojulari,ARI,DL,17,0,19,0,,,,,,,,,,,,,,,27,18
Carlos Watkins,ARI,DL,46,15,0,0,,,,,,,,,,,,,,,43,31
Tanoh Kpassagnon,NO,DL,43,32,27,0,,,,,,,,,,,,,,,67,34
Carl Granderson,NO,DL,75,73,81,79,,,,,,,,,,,,,,,211,77
Malcolm Roach,NO,DL,30,32,39,41,,,,,,,,,,,,,,,98,36
Cameron Jordan,NO,DL,86,77,86,86,,,,,,,,,,,,,,,229,84
Bryan Bresee,NO,DL,41,47,48,45,,,,,,,,,,,,,,,124,45
Payton Turner,NO,DL,11,0,0,0,,,,,,,,,,,,,,,7,11
Naquan Jones,TEN,DL,20,9,23,13,,,,,,,,,,,,,,,42,16
Teair Tart,TEN,DL,63,50,49,51,,,,,,,,,,,,,,,137,53
Denico Autry,TEN,DL,57,66,55,72,,,,,,,,,,,,,,,159,62
Jeffery Simmons,TEN,DL,95,88,79,87,,,,,,,,,,,,,,,224,87
Arden Key,TEN,DL,55,72,61,70,,,,,,,,,,,,,,,165,64
Kyle Peko,TEN,DL,34,40,35,15,,,,,,,,,,,,,,,82,32
Dean Lowry,MIN,DL,68,51,47,31,,,,,,,,,,,,,,,138,49
Khyiris Tonga,MIN,DL,13,0,0,0,,,,,,,,,,,,,,,9,13
D.J. Wonnum,MIN,DL,79,68,89,62,,,,,,,,,,,,,,,210,74
Jonathan Bullard,MIN,DL,43,36,41,43,,,,,,,,,,,,,,,115,41
Harrison Phillips,MIN,DL,88,78,77,68,,,,,,,,,,,,,,,220,78
Danielle Hunter,MIN,DL,85,94,92,78,,,,,,,,,,,,,,,247,87
Mike Greene,TB,DL,47,47,0,37,,,,,,,,,,,,,,,79,43
Anthony Nelson,TB,DL,39,0,41,32,,,,,,,,,,,,,,,79,38
William Gholston,TB,DL,17,0,45,22,,,,,,,,,,,,,,,61,29
Calijah Kancey,TB,DL,17,0,0,0,,,,,,,,,,,,,,,11,17
Logan Hall,TB,DL,62,64,61,63,,,,,,,,,,,,,,,164,62
Vita Vea,TB,DL,59,64,54,68,,,,,,,,,,,,,,,159,61
Grover Stewart,IND,DL,66,50,60,50,,,,,,,,,,,,,,,172,56
DeForest Buckner,IND,DL,67,73,79,24,,,,,,,,,,,,,,,185,60
Eric Johnson II,IND,DL,26,20,0,22,,,,,,,,,,,,,,,53,22
Taven Bryan,IND,DL,34,27,25,48,,,,,,,,,,,,,,,104,34
Dayo Odeyingbo,IND,DL,50,49,51,59,,,,,,,,,,,,,,,161,52
Kwity Paye,IND,DL,66,65,68,63,,,,,,,,,,,,,,,202,65
Travon Walker,JAC,DL,85,84,84,74,,,,,,,,,,,,,,,207,82
Angelo Blackson,JAC,DL,31,30,0,34,,,,,,,,,,,,,,,62,31
Folorunso Fatukasi,JAC,DL,46,0,46,40,,,,,,,,,,,,,,,82,44
Josh Allen,JAC,DL,79,57,70,76,,,,,,,,,,,,,,,178,70
Adam Gotsis,JAC,DL,39,40,39,38,,,,,,,,,,,,,,,99,39
Jeremiah Ledbetter,JAC,DL,36,36,45,0,,,,,,,,,,,,,,,75,38
Roy Robertson-Harris,JAC,DL,67,61,73,66,,,,,,,,,,,,,,,168,66
Joey Bosa,LAC,DL,87,29,34,0,,,,,,,,,,,,,,,105,49
Nick Williams,LAC,DL,49,49,32,49,,,,,,,,,,,,,,,127,44
Sebastian Joseph-Day,LAC,DL,54,69,59,68,,,,,,,,,,,,,,,179,62
Tuli Tuipulotu,LAC,DL,33,77,77,86,,,,,,,,,,,,,,,198,69
Austin Johnson,LAC,DL,52,69,48,53,,,,,,,,,,,,,,,158,55
Emmanuel Ogbah,MIA,DL,22,0,37,29,,,,,,,,,,,,,,,58,29
Zach Sieler,MIA,DL,80,70,58,74,,,,,,,,,,,,,,,196,71
Jaelan Phillips,MIA,DL,90,0,47,0,,,,,,,,,,,,,,,102,71
Raekwon Davis,MIA,DL,57,50,49,40,,,,,,,,,,,,,,,136,50
Christian Wilkins,MIA,DL,84,70,54,72,,,,,,,,,,,,,,,195,71
Jarran Reed,SEA,DL,73,64,53,51,,,,,,,,,,,,,,,181,60
Derick Hall,SEA,DL,25,36,42,36,,,,,,,,,,,,,,,104,35
Dre'Mont Jones,SEA,DL,68,79,41,55,,,,,,,,,,,,,,,180,60
Boye Mafe,SEA,DL,53,0,73,51,,,,,,,,,,,,,,,139,59
Darrell Taylor,SEA,DL,46,70,11,53,,,,,,,,,,,,,,,132,44
Michael Hoecht,LAR,DL,92,91,92,95,,,,,,,,,,,,,,,231,93
Earnest Brown IV,LAR,DL,10,0,0,0,,,,,,,,,,,,,,,5,10
Kobie Turner,LAR,DL,57,49,62,53,,,,,,,,,,,,,,,139,56
Zach VanValkenburg,LAR,DL,22,11,0,0,,,,,,,,,,,,,,,17,16
Jonah Williams,LAR,DL,39,54,43,52,,,,,,,,,,,,,,,117,47
Aaron Donald,LAR,DL,82,95,82,81,,,,,,,,,,,,,,,211,85
Bobby Brown III,LAR,DL,37,51,21,50,,,,,,,,,,,,,,,96,39
Byron Young,LAR,DL,84,91,92,95,,,,,,,,,,,,,,,227,91
Deatrich Wise Jr.,NE,DL,62,68,63,61,,,,,,,,,,,,,,,167,64
Keion White,NE,DL,35,0,29,39,,,,,,,,,,,,,,,68,35
Josh Uche,NE,DL,36,37,41,26,,,,,,,,,,,,,,,91,35
Davon Godchaux,NE,DL,62,57,17,49,,,,,,,,,,,,,,,122,46
Lawrence Guy Sr.,NE,DL,47,44,0,49,,,,,,,,,,,,,,,93,47
Christian Barmore,NE,DL,56,44,65,61,,,,,,,,,,,,,,,149,57
Daniel Ekuale,NE,DL,29,0,16,0,,,,,,,,,,,,,,,29,22
Milton Williams,PHI,DL,41,40,36,46,,,,,,,,,,,,,,,109,41
Josh Sweat,PHI,DL,74,69,68,67,,,,,,,,,,,,,,,183,70
Jordan Davis,PHI,DL,44,29,45,37,,,,,,,,,,,,,,,102,39
Brandon Graham,PHI,DL,26,0,36,36,,,,,,,,,,,,,,,66,32
Haason Reddick,PHI,DL,73,67,66,67,,,,,,,,,,,,,,,180,69
Marlon Tuipulotu,PHI,DL,8,0,17,0,,,,,,,,,,,,,,,14,11
Christian Elliss,PHI,DL,43,7,17,0,,,,,,,,,,,,,,,46,25
Fletcher Cox,PHI,DL,63,76,68,74,,,,,,,,,,,,,,,184,70
Nolan Smith,PHI,DL,9,0,13,12,,,,,,,,,,,,,,,22,11
Jalen Carter,PHI,DL,50,48,45,46,,,,,,,,,,,,,,,125,48
Derek Barnett,PHI,DL,20,0,0,23,,,,,,,,,,,,,,,34,22
Andrew Billings,CHI,DL,55,48,53,60,,,,,,,,,,,,,,,137,54
Gervon Dexter Sr.,CHI,DL,38,46,34,21,,,,,,,,,,,,,,,92,36
Rasheem Green,CHI,DL,42,46,51,0,,,,,,,,,,,,,,,97,47
Yannick Ngakoue,CHI,DL,68,73,62,0,,,,,,,,,,,,,,,141,68
Dominique Robinson,CHI,DL,38,35,49,31,,,,,,,,,,,,,,,101,39
DeMarcus Walker,CHI,DL,78,59,58,81,,,,,,,,,,,,,,,173,67
Kingsley Enagbare,GB,DL,55,49,38,40,,,,,,,,,,,,,,,134,46
Kenny Clark,GB,DL,51,74,84,67,,,,,,,,,,,,,,,200,68
Colby Wooden,GB,DL,49,44,16,25,,,,,,,,,,,,,,,101,34
Karl Brooks,GB,DL,39,28,46,41,,,,,,,,,,,,,,,111,38
T.J. Slaton,GB,DL,54,61,43,65,,,,,,,,,,,,,,,165,57
Lukas Van Ness,GB,DL,47,22,20,49,,,,,,,,,,,,,,,102,35
Devonte Wyatt,GB,DL,41,59,44,59,,,,,,,,,,,,,,,149,51
Frank Clark,DEN,DL,42,0,0,0,,,,,,,,,,,,,,,25,42
Elijah Garcia,DEN,DL,12,0,0,18,,,,,,,,,,,,,,,20,15
Matt Henningsen,DEN,DL,15,25,0,17,,,,,,,,,,,,,,,39,19
Jonathan Harris,DEN,DL,66,53,68,62,,,,,,,,,,,,,,,173,62
Jonathon Cooper,DEN,DL,64,71,75,86,,,,,,,,,,,,,,,207,75
Zach Allen,DEN,DL,90,81,70,86,,,,,,,,,,,,,,,225,81
Randy Gregory,DEN,DL,68,64,47,46,,,,,,,,,,,,,,,154,56
D.J. Jones,DEN,DL,59,56,47,65,,,,,,,,,,,,,,,157,57
Nik Bonitto,DEN,DL,25,62,64,67,,,,,,,,,,,,,,,155,56
Mike Purcell,DEN,DL,36,30,42,0,,,,,,,,,,,,,,,74,36
Jerry Tillery,LV,DL,56,35,53,12,,,,,,,,,,,,,,,104,39
Tyree Wilson,LV,DL,50,49,0,45,,,,,,,,,,,,,,,99,48
Bilal Nichols,LV,DL,52,49,56,49,,,,,,,,,,,,,,,138,51
John Jenkins,LV,DL,48,40,68,71,,,,,,,,,,,,,,,150,56
Maxx Crosby,LV,DL,98,91,95,100,,,,,,,,,,,,,,,258,96
Boogie Basham Jr.,NYG,DL,26,20,22,0,,,,,,,,,,,,,,,46,22
A'Shawn Robinson,NYG,DL,34,32,54,35,,,,,,,,,,,,,,,105,40
Rakeem Nunez-Roches,NYG,DL,47,0,41,36,,,,,,,,,,,,,,,81,41
Jordon Riley,NYG,DL,29,0,0,0,,,,,,,,,,,,,,,17,29
Jihad Ward,NYG,DL,45,55,60,35,,,,,,,,,,,,,,,131,50
Kayvon Thibodeaux,NYG,DL,72,92,87,82,,,,,,,,,,,,,,,219,84
Dexter Lawrence II,NYG,DL,64,71,73,65,,,,,,,,,,,,,,,180,69
Leonard Williams,NYG,DL,55,58,75,58,,,,,,,,,,,,,,,164,63
Sam Williams,DAL,DL,49,40,0,29,,,,,,,,,,,,,,,69,40
Chauncey Golston,DAL,DL,43,30,0,27,,,,,,,,,,,,,,,59,34
Mazi Smith,DAL,DL,24,0,20,0,,,,,,,,,,,,,,,29,22
Osa Odighizuwa,DAL,DL,39,51,54,55,,,,,,,,,,,,,,,114,49
Dante Fowler Jr.,DAL,DL,47,30,25,31,,,,,,,,,,,,,,,79,34
Johnathan Hankins,DAL,DL,26,21,57,38,,,,,,,,,,,,,,,84,36
DeMarcus Lawrence,DAL,DL,43,51,67,45,,,,,,,,,,,,,,,120,51
Dorance Armstrong Jr.,DAL,DL,26,47,36,36,,,,,,,,,,,,,,,82,35
Quinnen Williams,NYJ,DL,75,66,68,66,,,,,,,,,,,,,,,204,69
Micheal Clemons,NYJ,DL,33,46,38,36,,,,,,,,,,,,,,,115,39
Bryce Huff,NYJ,DL,33,21,22,39,,,,,,,,,,,,,,,84,28
Will McDonald IV,NYJ,DL,19,0,0,0,,,,,,,,,,,,,,,13,19
Jermaine Johnson II,NYJ,DL,71,68,61,49,,,,,,,,,,,,,,,186,63
John Franklin-Myers,NYJ,DL,59,53,65,57,,,,,,,,,,,,,,,174,58
Quinton Jefferson,NYJ,DL,49,47,32,63,,,,,,,,,,,,,,,142,48
Solomon Thomas,NYJ,DL,30,38,33,54,,,,,,,,,,,,,,,116,39
Al Woods,NYJ,DL,29,47,46,0,,,,,,,,,,,,,,,94,41
Greg Rousseau,BUF,DL,65,60,56,57,,,,,,,,,,,,,,,126,59
Jordan Phillips,BUF,DL,31,0,43,37,,,,,,,,,,,,,,,64,37
Tim Settle,BUF,DL,28,0,33,31,,,,,,,,,,,,,,,53,30
A.J. Epenesa,BUF,DL,35,45,46,45,,,,,,,,,,,,,,,91,43
DaQuan Jones,BUF,DL,52,42,52,55,,,,,,,,,,,,,,,109,51
Shaq Lawson,BUF,DL,48,60,37,40,,,,,,,,,,,,,,,96,45
Ed Oliver,BUF,DL,70,60,63,71,,,,,,,,,,,,,,,142,67
Jerry Hughes,HOU,DL,36,35,41,51,,,,,,,,,,,,,,,103,41
Austin Bryant,SF,DL,25,0,0,0,,,,,,,,,,,,,,,16,25
Benton Whitley,MIN,DL,1,0,0,0,,,,,,,,,,,,,,,1,1
Morgan Fox,LAC,DL,51,35,48,36,,,,,,,,,,,,,,,122,43
Kentavius Street,PHI,DL,8,10,0,9,,,,,,,,,,,,,,,19,9
Neville Gallimore,DAL,DL,49,28,0,33,,,,,,,,,,,,,,,65,38
Khalen Saunders,NO,DL,44,43,44,61,,,,,,,,,,,,,,,132,48
Isaac Rochell,LV,DL,0,24,27,28,,,,,,,,,,,,,,,54,26
Malcolm Koonce,LV,DL,0,35,40,35,,,,,,,,,,,,,,,75,36
Adam Butler,LV,DL,0,46,32,60,,,,,,,,,,,,,,,95,46
Brent Urban,BAL,DL,0,12,20,22,,,,,,,,,,,,,,,39,18
Tavius Robinson,BAL,DL,0,25,65,57,,,,,,,,,,,,,,,109,51
Greg Gaines,TB,DL,0,36,52,38,,,,,,,,,,,,,,,86,43
YaYa Diaby,TB,DL,0,43,31,32,,,,,,,,,,,,,,,69,35
Justin Jones,CHI,DL,0,59,65,79,,,,,,,,,,,,,,,130,66
Zacch Pickens,CHI,DL,0,31,26,19,,,,,,,,,,,,,,,51,26
K'Lavon Chaisson,JAC,DL,0,40,29,40,,,,,,,,,,,,,,,66,36
Tyler Lacy,JAC,DL,0,12,0,0,,,,,,,,,,,,,,,8,12
Malik Herring,KC,DL,0,25,35,0,,,,,,,,,,,,,,,35,29
Chris Jones,KC,DL,0,51,31,75,,,,,,,,,,,,,,,94,53
Rashad Weaver,TEN,DL,0,13,31,21,,,,,,,,,,,,,,,42,22
Michael Dogbe,HOU,DL,0,26,0,0,,,,,,,,,,,,,,,15,26
Tyquan Lewis,IND,DL,0,29,17,41,,,,,,,,,,,,,,,70,30
Romeo Okwara,DET,DL,0,38,30,0,,,,,,,,,,,,,,,47,34
Cameron Young,SEA,DL,0,26,27,28,,,,,,,,,,,,,,,59,27
Tyreke Smith,SEA,DL,0,14,0,0,,,,,,,,,,,,,,,9,14
Mario Edwards Jr.,SEA,DL,0,42,53,49,,,,,,,,,,,,,,,107,48
Larrell Murchison,LAR,DL,0,11,23,19,,,,,,,,,,,,,,,36,18
Kevin Givens,SF,DL,0,34,0,41,,,,,,,,,,,,,,,56,37
Dante Stills,ARI,DL,0,26,41,60,,,,,,,,,,,,,,,84,41
Eric Banks,ARI,DL,0,22,0,49,,,,,,,,,,,,,,,42,34
D.J. Davidson,NYG,DL,0,26,23,35,,,,,,,,,,,,,,,55,27
Carl Lawson,NYJ,DL,0,26,21,0,,,,,,,,,,,,,,,38,24
Chase Young,WAS,DL,0,71,79,89,,,,,,,,,,,,,,,164,80
Yetur Gross-Matos,CAR,DL,0,55,56,69,,,,,,,,,,,,,,,117,59
Amare Barno,CAR,DL,0,3,23,0,,,,,,,,,,,,,,,19,13
Nathan Shepherd,NO,DL,0,50,52,56,,,,,,,,,,,,,,,111,53
Armon Watts,PIT,DL,0,25,0,48,,,,,,,,,,,,,,,56,35
Da'Shawn Hand,MIA,DL,0,14,29,28,,,,,,,,,,,,,,,44,23
Brandon Pili,MIA,DL,0,0,23,0,,,,,,,,,,,,,,,14,23
Sam Roberts,NE,DL,0,0,29,19,,,,,,,,,,,,,,,31,24
Khalil Davis,HOU,DL,0,0,49,29,,,,,,,,,,,,,,,53,40
Isaiah Buggs,DET,DL,0,0,27,21,,,,,,,,,,,,,,,30,24
Timmy Horne,ATL,DL,0,0,24,26,,,,,,,,,,,,,,,34,25
Isaiah Foskey,NO,DL,0,0,14,14,,,,,,,,,,,,,,,21,14
Kingsley Jonathan,BUF,DL,0,0,22,11,,,,,,,,,,,,,,,19,16
Scott Matlock,LAC,DL,0,0,26,0,,,,,,,,,,,,,,,21,26
Jeremiah Moon,BAL,DL,0,0,55,0,,,,,,,,,,,,,,,46,55
Jaleel Johnson,TEN,DL,0,0,15,0,,,,,,,,,,,,,,,11,15
Tershawn Wharton,KC,DL,0,0,76,27,,,,,,,,,,,,,,,55,50
Ben Stille,ARI,DL,0,0,33,0,,,,,,,,,,,,,,,27,33
Byron Young,LV,DL,0,0,29,0,,,,,,,,,,,,,,,18,29
Myles Adams,SEA,DL,0,0,27,29,,,,,,,,,,,,,,,43,28
Levi Onwuzurike,DET,DL,0,0,0,18,,,,,,,,,,,,,,,10,18
Desjuan Johnson,LAR,DL,0,0,0,8,,,,,,,,,,,,,,,5,8
Marcus Davenport,MIN,DL,0,0,0,62,,,,,,,,,,,,,,,45,62
Jaquelin Roy,MIN,DL,0,0,0,24,,,,,,,,,,,,,,,17,24
Chase Winovich,MIA,DL,0,0,0,5,,,,,,,,,,,,,,,3,5
Trevis Gipson,TEN,DL,0,0,0,6,,,,,,,,,,,,,,,3,6
Myles Murphy,CIN,DL,0,0,0,29,,,,,,,,,,,,,,,19,29
Joseph Ossai,CIN,DL,0,0,0,8,,,,,,,,,,,,,,,5,8
Chris Rumph II,LAC,DL,0,0,0,22,,,,,,,,,,,,,,,16,22
Nesta Jade Silvera,LV,DL,0,0,0,12,,,,,,,,,,,,,,,8,12
Roy Lopez,ARI,DL,0,0,0,36,,,,,,,,,,,,,,,20,36
Adetomiwa Adebawore,IND,DL,0,0,0,18,,,,,,,,,,,,,,,15,18
Caleb Murphy,TEN,DL,0,0,0,4,,,,,,,,,,,,,,,2,4
Willie Gay Jr.,KC,LB,67,58,41,76,,,,,,,,,,,,,,,152,62
Leo Chenal,KC,LB,40,37,67,41,,,,,,,,,,,,,,,111,45
Nick Bolton,KC,LB,96,79,0,0,,,,,,,,,,,,,,,120,88
Drue Tranquill,KC,LB,19,42,82,100,,,,,,,,,,,,,,,142,58
Derrick Barnes,DET,LB,42,54,72,74,,,,,,,,,,,,,,,156,60
James Houston,DET,LB,32,15,0,0,,,,,,,,,,,,,,,32,23
Alex Anzalone,DET,LB,94,90,100,100,,,,,,,,,,,,,,,250,96
Jack Campbell,DET,LB,38,32,57,61,,,,,,,,,,,,,,,121,46
Malcolm Rodriguez,DET,LB,22,22,30,0,,,,,,,,,,,,,,,50,25
Roquan Smith,BAL,LB,100,100,100,87,,,,,,,,,,,,,,,281,97
Malik Harrison,BAL,LB,19,3,10,20,,,,,,,,,,,,,,,39,13
Patrick Queen,BAL,LB,100,98,100,91,,,,,,,,,,,,,,,283,98
Henry To'oTo'o,HOU,LB,34,81,95,95,,,,,,,,,,,,,,,193,76
Christian Harris,HOU,LB,72,39,62,90,,,,,,,,,,,,,,,166,66
Cory Littleton,HOU,LB,27,0,0,0,,,,,,,,,,,,,,,17,27
Denzel Perryman,HOU,LB,95,100,0,0,,,,,,,,,,,,,,,118,98
Troy Andersen,ATL,LB,99,0,90,0,,,,,,,,,,,,,,,139,95
Lorenzo Carter,ATL,LB,44,36,27,0,,,,,,,,,,,,,,,71,36
Kaden Elliss,ATL,LB,100,100,100,100,,,,,,,,,,,,,,,263,100
Bud Dupree,ATL,LB,65,64,76,74,,,,,,,,,,,,,,,184,70
Frankie Luvu,CAR,LB,100,100,51,100,,,,,,,,,,,,,,,215,85
Shaq Thompson,CAR,LB,100,22,0,0,,,,,,,,,,,,,,,69,53
Sione Takitaki,CLE,LB,41,57,56,53,,,,,,,,,,,,,,,112,52
Jeremiah Owusu-Koramoah,CLE,LB,77,61,67,79,,,,,,,,,,,,,,,154,71
Ogbonnia Okoronkwo,CLE,LB,61,61,56,53,,,,,,,,,,,,,,,125,58
Matthew Adams,CLE,LB,2,0,0,0,,,,,,,,,,,,,,,1,2
Anthony Walker Jr.,CLE,LB,59,74,77,71,,,,,,,,,,,,,,,151,70
Za'Darius Smith,CLE,LB,66,67,62,59,,,,,,,,,,,,,,,137,63
Akeem Davis-Gaither,CIN,LB,7,4,11,0,,,,,,,,,,,,,,,14,7
Germaine Pratt,CIN,LB,89,95,80,94,,,,,,,,,,,,,,,243,90
Logan Wilson,CIN,LB,100,99,100,100,,,,,,,,,,,,,,,269,100
Markus Bailey,CIN,LB,1,0,0,8,,,,,,,,,,,,,,,6,4
Elandon Roberts,PIT,LB,43,31,24,59,,,,,,,,,,,,,,,115,39
T.J. Watt,PIT,LB,71,80,82,87,,,,,,,,,,,,,,,239,80
Cole Holcomb,PIT,LB,78,90,74,89,,,,,,,,,,,,,,,247,83
Kwon Alexander,PIT,LB,69,60,65,38,,,,,,,,,,,,,,,173,58
Markus Golden,PIT,LB,37,22,28,18,,,,,,,,,,,,,,,77,26
Alex Highsmith,PIT,LB,72,78,72,89,,,,,,,,,,,,,,,232,78
Nick Herbig,PIT,LB,24,20,18,6,,,,,,,,,,,,,,,50,17
Fred Warner,SF,LB,100,100,100,85,,,,,,,,,,,,,,,253,96
Dre Greenlaw,SF,LB,97,99,84,82,,,,,,,,,,,,,,,240,91
Cody Barton,WAS,LB,100,100,100,100,,,,,,,,,,,,,,,267,100
Casey Toohill,WAS,LB,47,24,0,7,,,,,,,,,,,,,,,50,25
Jamin Davis,WAS,LB,65,62,78,80,,,,,,,,,,,,,,,191,72
Kyzir White,ARI,LB,100,100,100,100,,,,,,,,,,,,,,,275,100
Zaven Collins,ARI,LB,59,57,30,51,,,,,,,,,,,,,,,133,49
Dennis Gardeck,ARI,LB,39,46,43,36,,,,,,,,,,,,,,,114,41
Krys Barnes,ARI,LB,27,82,72,0,,,,,,,,,,,,,,,133,61
Jesse Luketa,ARI,LB,25,21,22,27,,,,,,,,,,,,,,,65,23
Josh Woods,ARI,LB,55,0,0,0,,,,,,,,,,,,,,,39,55
L.J. Collier,ARI,LB,52,0,0,0,,,,,,,,,,,,,,,37,52
Pete Werner,NO,LB,100,98,99,94,,,,,,,,,,,,,,,267,98
Demario Davis,NO,LB,100,100,100,100,,,,,,,,,,,,,,,273,100
Azeez Al-Shaair,TEN,LB,98,99,92,100,,,,,,,,,,,,,,,249,97
Jack Gibbens,TEN,LB,65,66,80,77,,,,,,,,,,,,,,,185,72
Harold Landry III,TEN,LB,88,79,59,64,,,,,,,,,,,,,,,187,73
Ivan Pace Jr.,MIN,LB,68,79,62,51,,,,,,,,,,,,,,,185,65
Brian Asamoah II,MIN,LB,3,18,0,3,,,,,,,,,,,,,,,18,8
Jordan Hicks,MIN,LB,97,94,100,96,,,,,,,,,,,,,,,273,96
Troy Dye,MIN,LB,3,0,0,0,,,,,,,,,,,,,,,2,3
SirVocea Dennis,TB,LB,5,0,0,0,,,,,,,,,,,,,,,3,5
Joe Tryon-Shoyinka,TB,LB,61,53,62,66,,,,,,,,,,,,,,,160,61
Lavonte David,TB,LB,95,100,100,100,,,,,,,,,,,,,,,259,99
Shaquil Barrett,TB,LB,61,53,57,66,,,,,,,,,,,,,,,156,59
Devin White,TB,LB,98,100,95,100,,,,,,,,,,,,,,,257,98
E.J. Speed,IND,LB,41,54,50,55,,,,,,,,,,,,,,,155,50
Zaire Franklin,IND,LB,100,100,100,91,,,,,,,,,,,,,,,301,98
Shaquille Leonard,IND,LB,86,71,69,45,,,,,,,,,,,,,,,207,67
Samson Ebukam,IND,LB,53,62,64,62,,,,,,,,,,,,,,,186,60
Devin Lloyd,JAC,LB,100,99,75,0,,,,,,,,,,,,,,,180,92
Foyesade Oluokun,JAC,LB,100,100,100,100,,,,,,,,,,,,,,,253,100
Kenneth Murray Jr.,LAC,LB,90,100,100,100,,,,,,,,,,,,,,,280,98
Khalil Mack,LAC,LB,75,91,79,86,,,,,,,,,,,,,,,237,83
Eric Kendricks,LAC,LB,100,0,0,68,,,,,,,,,,,,,,,117,83
Bradley Chubb,MIA,LB,88,91,68,83,,,,,,,,,,,,,,,228,83
David Long Jr.,MIA,LB,21,84,58,93,,,,,,,,,,,,,,,169,61
Duke Riley,MIA,LB,1,1,26,31,,,,,,,,,,,,,,,36,11
Andrew Van Ginkel,MIA,LB,63,88,49,76,,,,,,,,,,,,,,,190,69
Jerome Baker,MIA,LB,100,100,75,76,,,,,,,,,,,,,,,245,89
Jordyn Brooks,SEA,LB,64,86,80,77,,,,,,,,,,,,,,,230,76
Devin Bush Jr.,SEA,LB,26,0,33,13,,,,,,,,,,,,,,,57,24
Uchenna Nwosu,SEA,LB,77,80,73,60,,,,,,,,,,,,,,,218,72
Bobby Wagner,SEA,LB,100,100,100,89,,,,,,,,,,,,,,,293,97
Ernest Jones,LAR,LB,100,100,100,100,,,,,,,,,,,,,,,249,100
Christian Rozeboom,LAR,LB,67,72,64,55,,,,,,,,,,,,,,,159,64
Ja'Whaun Bentley,NE,LB,100,100,100,90,,,,,,,,,,,,,,,255,97
Matthew Judon,NE,LB,76,81,67,59,,,,,,,,,,,,,,,184,70
Mack Wilson Sr.,NE,LB,15,0,10,0,,,,,,,,,,,,,,,16,13
Jahlani Tavai,NE,LB,56,73,60,66,,,,,,,,,,,,,,,167,64
Marte Mapu,NE,LB,14,48,0,50,,,,,,,,,,,,,,,74,38
Zach Cunningham,PHI,LB,88,91,77,85,,,,,,,,,,,,,,,225,86
Nakobe Dean,PHI,LB,61,0,0,0,,,,,,,,,,,,,,,49,61
Tremaine Edmunds,CHI,LB,100,100,73,100,,,,,,,,,,,,,,,235,92
T.J. Edwards,CHI,LB,98,87,97,100,,,,,,,,,,,,,,,244,95
Jack Sanborn,CHI,LB,32,56,32,65,,,,,,,,,,,,,,,115,45
De'Vondre Campbell,GB,LB,74,83,18,0,,,,,,,,,,,,,,,134,62
Quay Walker,GB,LB,66,100,100,100,,,,,,,,,,,,,,,267,91
Rashan Gary,GB,LB,16,27,38,27,,,,,,,,,,,,,,,77,26
Eric Wilson,GB,LB,14,0,13,13,,,,,,,,,,,,,,,28,13
Isaiah McDuffie,GB,LB,26,0,61,61,,,,,,,,,,,,,,,102,49
Preston Smith,GB,LB,47,71,70,67,,,,,,,,,,,,,,,186,64
Justin Hollins,GB,LB,34,32,33,17,,,,,,,,,,,,,,,84,29
Josey Jewell,DEN,LB,95,89,26,0,,,,,,,,,,,,,,,140,68
Alex Singleton,DEN,LB,90,64,89,100,,,,,,,,,,,,,,,237,86
Luke Masterson,LV,LB,6,0,0,25,,,,,,,,,,,,,,,20,15
Divine Deablo,LV,LB,94,94,84,71,,,,,,,,,,,,,,,231,86
Robert Spillane,LV,LB,100,100,100,100,,,,,,,,,,,,,,,269,100
Bobby Okereke,NYG,LB,100,100,100,100,,,,,,,,,,,,,,,261,100
Isaiah Simmons,NYG,LB,26,20,28,33,,,,,,,,,,,,,,,69,27
Micah McFadden,NYG,LB,74,75,72,67,,,,,,,,,,,,,,,189,72
Azeez Ojulari,NYG,LB,55,0,0,73,,,,,,,,,,,,,,,72,64
Micah Parsons,DAL,LB,57,87,90,80,,,,,,,,,,,,,,,180,77
Damone Clark,DAL,LB,66,36,69,45,,,,,,,,,,,,,,,130,56
Leighton Vander Esch,DAL,LB,69,100,100,100,,,,,,,,,,,,,,,211,91
Devin Harper,DAL,LB,4,0,0,0,,,,,,,,,,,,,,,3,4
Quincy Williams,NYJ,LB,100,97,96,96,,,,,,,,,,,,,,,289,97
C.J. Mosley,NYJ,LB,100,100,100,100,,,,,,,,,,,,,,,298,100
Jamien Sherwood,NYJ,LB,6,31,26,11,,,,,,,,,,,,,,,58,19
Matt Milano,BUF,LB,100,85,87,100,,,,,,,,,,,,,,,200,94
Terrel Bernard,BUF,LB,100,85,87,100,,,,,,,,,,,,,,,200,94
Leonard Floyd,BUF,LB,52,40,48,54,,,,,,,,,,,,,,,105,49
Joe Bachie,CIN,LB,1,1,0,2,,,,,,,,,,,,,,,3,1
Nicholas Morrow,PHI,LB,0,95,100,99,,,,,,,,,,,,,,,179,98
Tae Davis,ATL,LB,0,2,0,0,,,,,,,,,,,,,,,1,2
Dorian Williams,BUF,LB,0,15,13,0,,,,,,,,,,,,,,,13,14
Cam Gill,TB,LB,0,6,0,0,,,,,,,,,,,,,,,3,6
Noah Sewell,CHI,LB,0,4,13,0,,,,,,,,,,,,,,,13,9
Nick Niemann,LAC,LB,0,77,76,23,,,,,,,,,,,,,,,129,58
Amen Ogbongbemiga,LAC,LB,0,6,0,0,,,,,,,,,,,,,,,4,6
Oshane Ximines,NYG,LB,0,32,30,0,,,,,,,,,,,,,,,46,31
Drew Sanders,DEN,LB,0,5,60,79,,,,,,,,,,,,,,,105,47
Kamu Grugier-Hill,CAR,LB,0,78,67,29,,,,,,,,,,,,,,,124,62
Grant Stuard,IND,LB,0,1,4,0,,,,,,,,,,,,,,,4,2
Oren Burks,SF,LB,0,2,42,27,,,,,,,,,,,,,,,42,19
Channing Tindall,MIA,LB,0,0,15,0,,,,,,,,,,,,,,,9,15
Thomas Incoom,DEN,LB,0,0,14,0,,,,,,,,,,,,,,,10,14
Anfernee Jennings,NE,LB,0,0,30,0,,,,,,,,,,,,,,,19,30
Chad Muma,JAC,LB,0,0,34,98,,,,,,,,,,,,,,,76,67
Jake Hansen,HOU,LB,0,0,5,7,,,,,,,,,,,,,,,8,6
Blake Cashman,HOU,LB,0,0,63,20,,,,,,,,,,,,,,,58,44
Jalen Reeves-Maybin,DET,LB,0,0,4,4,,,,,,,,,,,,,,,5,4
Mohamoud Diabate,CLE,LB,0,0,4,0,,,,,,,,,,,,,,,2,4
Monty Rice,TEN,LB,0,0,7,0,,,,,,,,,,,,,,,5,7
Luke Gifford,TEN,LB,0,0,8,0,,,,,,,,,,,,,,,6,8
Chance Campbell,TEN,LB,0,0,7,0,,,,,,,,,,,,,,,5,7
Deion Jones,CAR,LB,0,0,69,0,,,,,,,,,,,,,,,52,69
Sam Franklin Jr.,CAR,LB,0,0,75,98,,,,,,,,,,,,,,,103,84
Jack Cochrane,KC,LB,0,0,25,0,,,,,,,,,,,,,,,13,25
Mark Robinson,PIT,LB,0,0,6,0,,,,,,,,,,,,,,,4,6
K.J. Britt,TB,LB,0,0,5,0,,,,,,,,,,,,,,,4,5
Cameron Goode,MIA,LB,0,0,23,0,,,,,,,,,,,,,,,14,23
Zack Baun,NO,LB,0,0,24,14,,,,,,,,,,,,,,,29,19
Segun Olubi,IND,LB,0,0,0,9,,,,,,,,,,,,,,,7,9
Chandler Wooten,CAR,LB,0,0,0,23,,,,,,,,,,,,,,,11,23
Kyle Van Noy,BAL,LB,0,0,0,33,,,,,,,,,,,,,,,23,33
Andrew Farmer,LAC,LB,0,0,0,14,,,,,,,,,,,,,,,10,14
Dee Winters,SF,LB,0,0,0,14,,,,,,,,,,,,,,,10,14
Jon Rhattigan,SEA,LB,0,0,0,11,,,,,,,,,,,,,,,8,11
Trenton Simpson,BAL,LB,0,0,0,9,,,,,,,,,,,,,,,6,9
Del'Shawn Phillips,BAL,LB,0,0,0,13,,,,,,,,,,,,,,,9,13
Trent McDuffie,KC,DB,100,99,82,98,,,,,,,,,,,,,,,236,96
Bryan Cook,KC,DB,100,99,100,83,,,,,,,,,,,,,,,236,96
L'Jarius Sneed,KC,DB,100,100,82,100,,,,,,,,,,,,,,,238,96
Mike Edwards,KC,DB,23,31,41,44,,,,,,,,,,,,,,,84,34
Joshua Williams,KC,DB,56,46,33,47,,,,,,,,,,,,,,,115,46
Justin Reid,KC,DB,100,100,82,100,,,,,,,,,,,,,,,238,96
Chamarri Conner,KC,DB,14,0,22,17,,,,,,,,,,,,,,,31,17
Cameron Sutton,DET,DB,100,100,100,100,,,,,,,,,,,,,,,261,100
Brian Branch,DET,DB,68,69,100,70,,,,,,,,,,,,,,,201,77
C.J. Gardner-Johnson,DET,DB,100,97,0,0,,,,,,,,,,,,,,,135,99
Jerry Jacobs,DET,DB,100,100,99,100,,,,,,,,,,,,,,,260,100
Kerby Joseph,DET,DB,100,88,0,0,,,,,,,,,,,,,,,128,93
Ar'Darius Washington,BAL,DB,73,95,0,0,,,,,,,,,,,,,,,113,82
Geno Stone,BAL,DB,78,100,98,100,,,,,,,,,,,,,,,271,93
Kyle Hamilton,BAL,DB,99,100,100,100,,,,,,,,,,,,,,,289,100
Marcus Williams,BAL,DB,31,0,0,0,,,,,,,,,,,,,,,24,31
Brandon Stephens,BAL,DB,100,100,100,100,,,,,,,,,,,,,,,290,100
Ronald Darby,BAL,DB,90,58,65,64,,,,,,,,,,,,,,,203,70
Jalen Pitre,HOU,DB,45,0,0,95,,,,,,,,,,,,,,,85,69
Steven Nelson,HOU,DB,100,100,95,88,,,,,,,,,,,,,,,242,96
Derek Stingley Jr.,HOU,DB,100,95,0,0,,,,,,,,,,,,,,,118,98
Tavierre Thomas,HOU,DB,63,75,0,0,,,,,,,,,,,,,,,83,69
M.J. Stewart Jr.,HOU,DB,55,100,0,0,,,,,,,,,,,,,,,92,76
Shaquill Griffin,HOU,DB,5,5,95,95,,,,,,,,,,,,,,,131,52
Eric Murray,HOU,DB,100,16,95,27,,,,,,,,,,,,,,,158,63
Dee Alford,ATL,DB,94,48,91,61,,,,,,,,,,,,,,,200,76
Tre Flowers,ATL,DB,100,98,74,0,,,,,,,,,,,,,,,178,90
Jessie Bates III,ATL,DB,94,100,100,100,,,,,,,,,,,,,,,258,98
Richie Grant,ATL,DB,100,100,100,100,,,,,,,,,,,,,,,263,100
A.J. Terrell,ATL,DB,100,100,100,100,,,,,,,,,,,,,,,263,100
Jeremy Chinn,CAR,DB,73,35,77,65,,,,,,,,,,,,,,,154,61
Troy Hill,CAR,DB,31,47,85,29,,,,,,,,,,,,,,,130,52
Xavier Woods,CAR,DB,81,91,21,0,,,,,,,,,,,,,,,128,62
Jaycee Horn,CAR,DB,38,0,0,0,,,,,,,,,,,,,,,20,38
Vonn Bell,CAR,DB,100,100,100,100,,,,,,,,,,,,,,,252,100
CJ Henderson,CAR,DB,62,100,13,100,,,,,,,,,,,,,,,167,66
Donte Jackson,CAR,DB,98,86,100,27,,,,,,,,,,,,,,,205,81
Denzel Ward,CLE,DB,95,85,92,88,,,,,,,,,,,,,,,194,90
Cameron Mitchell,CLE,DB,5,19,71,0,,,,,,,,,,,,,,,47,29
Mike Ford,CLE,DB,2,7,8,3,,,,,,,,,,,,,,,11,5
Greg Newsome II,CLE,DB,98,76,0,88,,,,,,,,,,,,,,,147,88
Grant Delpit,CLE,DB,98,100,96,97,,,,,,,,,,,,,,,211,98
Martin Emerson Jr.,CLE,DB,91,76,96,69,,,,,,,,,,,,,,,178,82
Rodney McLeod Jr.,CLE,DB,98,35,21,33,,,,,,,,,,,,,,,103,48
Jalen Davis,CIN,DB,3,0,5,5,,,,,,,,,,,,,,,8,4
Dax Hill,CIN,DB,99,99,100,98,,,,,,,,,,,,,,,267,99
Chidobe Awuzie,CIN,DB,58,73,78,85,,,,,,,,,,,,,,,197,73
Jordan Battle,CIN,DB,1,33,0,6,,,,,,,,,,,,,,,30,12
Nick Scott,CIN,DB,97,65,96,92,,,,,,,,,,,,,,,235,87
DJ Turner II,CIN,DB,47,32,38,59,,,,,,,,,,,,,,,119,44
Mike Hilton,CIN,DB,74,71,100,70,,,,,,,,,,,,,,,209,77
Cam Taylor-Britt,CIN,DB,99,99,100,56,,,,,,,,,,,,,,,239,89
Levi Wallace,PIT,DB,99,90,93,100,,,,,,,,,,,,,,,283,95
Patrick Peterson,PIT,DB,99,98,99,100,,,,,,,,,,,,,,,294,99
Joey Porter Jr.,PIT,DB,10,16,38,14,,,,,,,,,,,,,,,58,19
Minkah Fitzpatrick,PIT,DB,100,53,100,100,,,,,,,,,,,,,,,257,86
Keanu Neal,PIT,DB,49,70,57,63,,,,,,,,,,,,,,,180,61
Damontae Kazee,PIT,DB,72,89,74,48,,,,,,,,,,,,,,,213,71
Charvarius Ward,SF,DB,81,100,100,85,,,,,,,,,,,,,,,241,91
Talanoa Hufanga,SF,DB,97,100,90,82,,,,,,,,,,,,,,,244,92
Deommodore Lenoir,SF,DB,87,96,100,85,,,,,,,,,,,,,,,242,92
Samuel Womack III,SF,DB,14,0,0,0,,,,,,,,,,,,,,,9,14
Tashaun Gipson Sr.,SF,DB,100,100,98,82,,,,,,,,,,,,,,,250,95
Ambry Thomas,SF,DB,54,18,0,30,,,,,,,,,,,,,,,69,33
Isaiah Oliver,SF,DB,52,84,68,62,,,,,,,,,,,,,,,178,67
Kamren Curl,WAS,DB,100,100,100,100,,,,,,,,,,,,,,,267,100
Emmanuel Forbes,WAS,DB,65,67,41,92,,,,,,,,,,,,,,,177,66
Percy Butler,WAS,DB,53,47,65,27,,,,,,,,,,,,,,,127,48
Benjamin St-Juste,WAS,DB,100,100,100,100,,,,,,,,,,,,,,,267,100
Kendall Fuller,WAS,DB,100,100,99,100,,,,,,,,,,,,,,,266,100
Darrick Forrest,WAS,DB,100,100,100,100,,,,,,,,,,,,,,,267,100
Marco Wilson,ARI,DB,100,99,100,98,,,,,,,,,,,,,,,273,99
Jalen Thompson,ARI,DB,99,100,99,100,,,,,,,,,,,,,,,273,99
Antonio Hamilton Sr.,ARI,DB,7,0,0,0,,,,,,,,,,,,,,,5,7
Kei'Trel Clark,ARI,DB,100,97,100,98,,,,,,,,,,,,,,,272,99
Budda Baker,ARI,DB,100,0,0,0,,,,,,,,,,,,,,,71,100
K'Von Wallace,ARI,DB,70,100,100,100,,,,,,,,,,,,,,,254,92
Alontae Taylor,NO,DB,68,98,100,100,,,,,,,,,,,,,,,252,92
Marcus Maye,NO,DB,100,100,0,0,,,,,,,,,,,,,,,123,100
Paulson Adebo,NO,DB,100,100,0,0,,,,,,,,,,,,,,,123,100
Marshon Lattimore,NO,DB,95,98,96,100,,,,,,,,,,,,,,,266,97
Isaac Yiadom,NO,DB,5,0,80,76,,,,,,,,,,,,,,,120,57
Ugo Amadi,NO,DB,5,0,0,0,,,,,,,,,,,,,,,3,5
Tyrann Mathieu,NO,DB,100,100,100,100,,,,,,,,,,,,,,,273,100
Amani Hooker,TEN,DB,83,0,97,100,,,,,,,,,,,,,,,176,93
Sean Murphy-Bunting,TEN,DB,100,99,86,98,,,,,,,,,,,,,,,245,95
Roger McCreary,TEN,DB,88,99,83,100,,,,,,,,,,,,,,,236,92
Kristian Fulton,TEN,DB,32,0,94,100,,,,,,,,,,,,,,,141,74
Elijah Molden,TEN,DB,75,100,28,0,,,,,,,,,,,,,,,137,67
Kindle Vildor,TEN,DB,14,0,0,0,,,,,,,,,,,,,,,9,14
Kevin Byard,TEN,DB,100,100,93,100,,,,,,,,,,,,,,,252,98
Josh Metellus,MIN,DB,84,73,95,94,,,,,,,,,,,,,,,244,86
Byron Murphy Jr.,MIN,DB,100,100,94,94,,,,,,,,,,,,,,,275,97
Akayleb Evans,MIN,DB,91,95,91,99,,,,,,,,,,,,,,,266,94
Mekhi Blackmon,MIN,DB,22,18,27,0,,,,,,,,,,,,,,,47,22
Camryn Bynum,MIN,DB,99,100,100,100,,,,,,,,,,,,,,,282,100
Harrison Smith,MIN,DB,96,100,95,100,,,,,,,,,,,,,,,277,98
Christian Izien,TB,DB,56,75,49,72,,,,,,,,,,,,,,,162,62
Antoine Winfield Jr.,TB,DB,98,100,100,100,,,,,,,,,,,,,,,261,100
Carlton Davis III,TB,DB,100,0,0,100,,,,,,,,,,,,,,,129,100
Jamel Dean,TB,DB,98,98,48,0,,,,,,,,,,,,,,,153,78
Ryan Neal,TB,DB,100,100,99,3,,,,,,,,,,,,,,,198,75
Dallis Flowers,IND,DB,99,100,100,96,,,,,,,,,,,,,,,304,99
Tony Brown,IND,DB,1,0,0,0,,,,,,,,,,,,,,,1,1
Julian Blackmon,IND,DB,100,100,100,100,,,,,,,,,,,,,,,308,100
Darrell Baker Jr.,IND,DB,69,74,0,0,,,,,,,,,,,,,,,110,71
Rodney Thomas II,IND,DB,100,100,100,100,,,,,,,,,,,,,,,308,100
Kenny Moore II,IND,DB,97,100,100,100,,,,,,,,,,,,,,,306,99
Andre Cisco,JAC,DB,100,88,100,83,,,,,,,,,,,,,,,235,93
Tyson Campbell,JAC,DB,99,100,98,100,,,,,,,,,,,,,,,251,99
Rayshawn Jenkins,JAC,DB,100,99,98,97,,,,,,,,,,,,,,,249,98
Darious Williams,JAC,DB,100,87,86,91,,,,,,,,,,,,,,,231,91
Tre Herndon,JAC,DB,68,67,41,62,,,,,,,,,,,,,,,153,60
J.C. Jackson,LAC,DB,66,63,0,0,,,,,,,,,,,,,,,85,64
JT Woods,LAC,DB,21,0,51,0,,,,,,,,,,,,,,,56,38
Ja'Sir Taylor,LAC,DB,25,52,82,68,,,,,,,,,,,,,,,168,58
Derwin James Jr.,LAC,DB,100,100,63,0,,,,,,,,,,,,,,,184,86
Asante Samuel Jr.,LAC,DB,76,100,100,99,,,,,,,,,,,,,,,270,94
Alohi Gilman,LAC,DB,100,100,100,0,,,,,,,,,,,,,,,214,100
Michael Davis,LAC,DB,100,37,100,99,,,,,,,,,,,,,,,245,85
Xavien Howard,MIA,DB,98,100,76,100,,,,,,,,,,,,,,,258,94
Eli Apple,MIA,DB,74,92,0,0,,,,,,,,,,,,,,,128,83
Jevon Holland,MIA,DB,100,100,75,95,,,,,,,,,,,,,,,256,93
Justin Bethel,MIA,DB,11,14,83,67,,,,,,,,,,,,,,,109,40
DeShon Elliott,MIA,DB,100,100,75,0,,,,,,,,,,,,,,,201,93
Kader Kohou,MIA,DB,98,100,75,100,,,,,,,,,,,,,,,257,94
Tre Brown,SEA,DB,75,83,0,0,,,,,,,,,,,,,,,116,79
Quandre Diggs,SEA,DB,100,100,85,89,,,,,,,,,,,,,,,281,93
Michael Jackson Sr.,SEA,DB,26,0,78,84,,,,,,,,,,,,,,,146,62
Coby Bryant,SEA,DB,79,74,0,0,,,,,,,,,,,,,,,113,77
Artie Burns,SEA,DB,22,23,87,0,,,,,,,,,,,,,,,102,45
Riq Woolen,SEA,DB,100,17,0,97,,,,,,,,,,,,,,,165,75
Julian Love,SEA,DB,100,100,85,100,,,,,,,,,,,,,,,289,96
Derion Kendrick,LAR,DB,92,91,100,98,,,,,,,,,,,,,,,239,96
Cobie Durant,LAR,DB,78,58,79,70,,,,,,,,,,,,,,,179,72
Quentin Lake,LAR,DB,18,18,19,14,,,,,,,,,,,,,,,43,17
Russ Yeast,LAR,DB,100,100,100,98,,,,,,,,,,,,,,,248,100
Jordan Fuller,LAR,DB,100,100,100,100,,,,,,,,,,,,,,,249,100
Ahkello Witherspoon,LAR,DB,92,100,100,100,,,,,,,,,,,,,,,245,98
Marcus Jones,NE,DB,36,32,0,0,,,,,,,,,,,,,,,44,34
Kyle Dugger,NE,DB,100,100,100,90,,,,,,,,,,,,,,,255,97
Jabrill Peppers,NE,DB,88,100,95,100,,,,,,,,,,,,,,,251,96
Christian Gonzalez,NE,DB,100,100,98,26,,,,,,,,,,,,,,,209,80
Adrian Phillips,NE,DB,26,21,10,23,,,,,,,,,,,,,,,52,20
Jalen Mills,NE,DB,14,21,37,37,,,,,,,,,,,,,,,71,28
Jonathan Jones,NE,DB,80,0,0,0,,,,,,,,,,,,,,,53,80
Myles Bryant,NE,DB,67,84,98,100,,,,,,,,,,,,,,,229,87
Darius Slay,PHI,DB,100,100,100,99,,,,,,,,,,,,,,,262,100
Josh Jobe,PHI,DB,10,100,57,87,,,,,,,,,,,,,,,161,61
Reed Blankenship,PHI,DB,98,0,100,100,,,,,,,,,,,,,,,203,99
Justin Evans,PHI,DB,96,100,13,0,,,,,,,,,,,,,,,141,77
Avonte Maddox,PHI,DB,89,22,0,0,,,,,,,,,,,,,,,84,60
James Bradberry,PHI,DB,90,0,98,100,,,,,,,,,,,,,,,196,96
Terrell Edmunds,PHI,DB,13,91,87,100,,,,,,,,,,,,,,,182,70
Josh Blackwell,CHI,DB,17,0,12,0,,,,,,,,,,,,,,,19,14
Tyrique Stevenson,CHI,DB,100,100,29,100,,,,,,,,,,,,,,,201,79
Jaylon Johnson,CHI,DB,100,100,47,0,,,,,,,,,,,,,,,167,80
Jaquan Brisker,CHI,DB,95,58,99,100,,,,,,,,,,,,,,,222,87
Eddie Jackson,CHI,DB,100,24,0,0,,,,,,,,,,,,,,,77,59
Kyler Gordon,CHI,DB,45,0,0,0,,,,,,,,,,,,,,,27,45
Innis Gaines,GB,DB,7,0,0,0,,,,,,,,,,,,,,,5,7
Rasul Douglas,GB,DB,100,100,100,100,,,,,,,,,,,,,,,292,100
Jaire Alexander,GB,DB,76,100,0,0,,,,,,,,,,,,,,,138,88
Rudy Ford,GB,DB,93,100,100,100,,,,,,,,,,,,,,,287,98
Keisean Nixon,GB,DB,77,46,74,64,,,,,,,,,,,,,,,188,64
Dallin Leavitt,GB,DB,7,0,0,0,,,,,,,,,,,,,,,5,7
Darnell Savage Jr.,GB,DB,81,100,100,100,,,,,,,,,,,,,,,278,95
Carrington Valentine,GB,DB,27,2,52,35,,,,,,,,,,,,,,,80,26
Jonathan Owens,GB,DB,19,0,0,0,,,,,,,,,,,,,,,14,19
Damarri Mathis,DEN,DB,98,100,100,99,,,,,,,,,,,,,,,275,99
Essang Bassey,DEN,DB,39,89,66,0,,,,,,,,,,,,,,,136,66
Pat Surtain II,DEN,DB,100,100,100,100,,,,,,,,,,,,,,,277,100
Kareem Jackson,DEN,DB,93,48,100,90,,,,,,,,,,,,,,,228,82
Justin Simmons,DEN,DB,100,100,0,0,,,,,,,,,,,,,,,132,100
Marcus Peters,LV,DB,100,95,100,97,,,,,,,,,,,,,,,263,98
Jakorian Bennett,LV,DB,100,91,100,40,,,,,,,,,,,,,,,223,83
Marcus Epps,LV,DB,100,81,100,100,,,,,,,,,,,,,,,254,94
Roderic Teamer,LV,DB,9,19,0,0,,,,,,,,,,,,,,,21,14
Tre'von Moehrig,LV,DB,92,100,100,100,,,,,,,,,,,,,,,264,98
Nate Hobbs,LV,DB,94,100,82,0,,,,,,,,,,,,,,,189,93
Tre Hawkins III,NYG,DB,88,63,67,0,,,,,,,,,,,,,,,148,71
Deonte Banks,NYG,DB,43,100,52,100,,,,,,,,,,,,,,,188,72
Nick McCloud,NYG,DB,33,0,0,0,,,,,,,,,,,,,,,19,33
Adoree' Jackson,NYG,DB,91,100,96,100,,,,,,,,,,,,,,,253,97
Dane Belton,NYG,DB,10,11,0,15,,,,,,,,,,,,,,,21,12
Xavier McKinney,NYG,DB,100,100,100,100,,,,,,,,,,,,,,,261,100
Jason Pinnock,NYG,DB,100,98,100,100,,,,,,,,,,,,,,,260,100
Markquese Bell,DAL,DB,44,45,15,40,,,,,,,,,,,,,,,83,36
Trevon Diggs,DAL,DB,77,100,0,0,,,,,,,,,,,,,,,101,86
Jayron Kearse,DAL,DB,76,100,100,100,,,,,,,,,,,,,,,216,93
Noah Igbinoghene,DAL,DB,23,0,0,0,,,,,,,,,,,,,,,16,23
Stephon Gilmore,DAL,DB,77,100,98,100,,,,,,,,,,,,,,,216,93
DaRon Bland,DAL,DB,79,55,97,78,,,,,,,,,,,,,,,183,79
Israel Mukuamu,DAL,DB,33,0,0,0,,,,,,,,,,,,,,,23,33
Malik Hooker,DAL,DB,70,94,92,95,,,,,,,,,,,,,,,201,86
Juanyeh Thomas,DAL,DB,59,34,0,24,,,,,,,,,,,,,,,70,41
C.J. Goodwin,DAL,DB,23,0,0,0,,,,,,,,,,,,,,,16,23
Jordan Whitehead,NYJ,DB,99,99,100,100,,,,,,,,,,,,,,,296,99
D.J. Reed Jr.,NYJ,DB,100,94,100,100,,,,,,,,,,,,,,,293,98
Tony Adams,NYJ,DB,97,37,0,0,,,,,,,,,,,,,,,99,64
Sauce Gardner,NYJ,DB,100,94,100,100,,,,,,,,,,,,,,,293,98
Adrian Amos,NYJ,DB,14,61,100,97,,,,,,,,,,,,,,,203,68
Michael Carter II,NYJ,DB,81,38,65,71,,,,,,,,,,,,,,,186,62
Tre'Davious White,BUF,DB,100,85,87,72,,,,,,,,,,,,,,,182,85
Christian Benford,BUF,DB,100,100,100,52,,,,,,,,,,,,,,,182,85
Jordan Poyer,BUF,DB,100,85,87,0,,,,,,,,,,,,,,,135,91
Micah Hyde,BUF,DB,98,85,81,100,,,,,,,,,,,,,,,196,92
Taylor Rapp,BUF,DB,33,15,19,100,,,,,,,,,,,,,,,99,46
Will Harris,DET,DB,5,0,1,25,,,,,,,,,,,,,,,18,8
Grayland Arnold,HOU,DB,2,33,73,71,,,,,,,,,,,,,,,115,48
Jaylinn Hawkins,ATL,DB,6,10,16,0,,,,,,,,,,,,,,,21,10
Chandon Sullivan,PIT,DB,19,54,25,30,,,,,,,,,,,,,,,99,33
Taron Johnson,BUF,DB,69,80,87,86,,,,,,,,,,,,,,,172,81
Amik Robertson,LV,DB,5,0,0,91,,,,,,,,,,,,,,,62,50
Kelee Ringo,PHI,DB,0,2,0,0,,,,,,,,,,,,,,,1,2
Mario Goodrich,PHI,DB,0,67,0,0,,,,,,,,,,,,,,,39,67
Theo Jackson,MIN,DB,0,27,5,0,,,,,,,,,,,,,,,24,17
Mike Hughes,ATL,DB,0,2,10,41,,,,,,,,,,,,,,,35,19
Dane Jackson,BUF,DB,0,15,13,75,,,,,,,,,,,,,,,62,39
David Long Jr.,LV,DB,0,15,0,58,,,,,,,,,,,,,,,50,34
Rock Ya-Sin,BAL,DB,0,42,35,36,,,,,,,,,,,,,,,79,37
Zyon McCollum,TB,DB,0,100,100,100,,,,,,,,,,,,,,,198,100
Greg Stroman Jr.,CHI,DB,0,46,64,35,,,,,,,,,,,,,,,99,50
Quindell Johnson,CHI,DB,0,39,8,0,,,,,,,,,,,,,,,34,23
Jaylon Jones,CHI,DB,0,1,55,0,,,,,,,,,,,,,,,43,24
Elijah Hicks,CHI,DB,0,79,100,100,,,,,,,,,,,,,,,181,92
Daniel Thomas,JAC,DB,0,3,0,0,,,,,,,,,,,,,,,2,3
Andrew Wingard,JAC,DB,0,24,7,28,,,,,,,,,,,,,,,36,20
Jaylen Watson,KC,DB,0,31,57,0,,,,,,,,,,,,,,,50,42
Tre Avery,TEN,DB,0,82,0,0,,,,,,,,,,,,,,,56,82
Mike Brown,TEN,DB,0,29,0,0,,,,,,,,,,,,,,,20,29
DeAndre Houston-Carson,HOU,DB,0,51,0,0,,,,,,,,,,,,,,,29,51
Nick Cross,IND,DB,0,5,4,1,,,,,,,,,,,,,,,8,3
Tracy Walker III,DET,DB,0,12,100,100,,,,,,,,,,,,,,,133,67
Devon Witherspoon,SEA,DB,0,100,100,100,,,,,,,,,,,,,,,220,100
John Johnson III,LAR,DB,0,7,0,0,,,,,,,,,,,,,,,4,7
Andre Chachere,ARI,DB,0,93,60,49,,,,,,,,,,,,,,,139,68
Ashtyn Davis,NYJ,DB,0,3,7,17,,,,,,,,,,,,,,,20,8
Brandin Echols,NYJ,DB,0,24,0,1,,,,,,,,,,,,,,,22,12
Fabian Moreau,DEN,DB,0,11,0,15,,,,,,,,,,,,,,,19,13
Delarrin Turner-Yell,DEN,DB,0,40,100,97,,,,,,,,,,,,,,,172,79
Shaun Wade,NE,DB,0,22,60,89,,,,,,,,,,,,,,,114,58
Elijah Riley,PIT,DB,0,11,0,0,,,,,,,,,,,,,,,10,11
Juan Thornhill,CLE,DB,0,100,96,97,,,,,,,,,,,,,,,156,98
Terell Smith,CHI,DB,0,6,74,100,,,,,,,,,,,,,,,109,57
Jourdan Lewis,DAL,DB,0,21,56,56,,,,,,,,,,,,,,,75,46
George Odum,SF,DB,0,0,8,21,,,,,,,,,,,,,,,19,16
Darnay Holmes,NYG,DB,0,0,18,0,,,,,,,,,,,,,,,15,18
Parry Nickerson,MIA,DB,0,0,31,0,,,,,,,,,,,,,,,19,31
Kelvin Joseph,MIA,DB,0,0,24,10,,,,,,,,,,,,,,,21,17
Elijah Campbell,MIA,DB,0,0,26,5,,,,,,,,,,,,,,,19,16
Brandon Jones,MIA,DB,0,0,26,100,,,,,,,,,,,,,,,74,62
Ka'dar Hollman,HOU,DB,0,0,7,0,,,,,,,,,,,,,,,5,7
Jimmie Ward,HOU,DB,0,0,95,88,,,,,,,,,,,,,,,121,92
Ifeatu Melifonwu,DET,DB,0,0,72,81,,,,,,,,,,,,,,,94,76
Corey Ballentine,GB,DB,0,0,49,67,,,,,,,,,,,,,,,80,59
Lonnie Johnson Jr.,NO,DB,0,0,10,28,,,,,,,,,,,,,,,28,19
Jordan Howden,NO,DB,0,0,100,0,,,,,,,,,,,,,,,79,100
Siran Neal,BUF,DB,0,0,13,0,,,,,,,,,,,,,,,7,13
Raheem Layne,LAC,DB,0,0,2,100,,,,,,,,,,,,,,,75,43
Daryl Worley,BAL,DB,0,0,90,13,,,,,,,,,,,,,,,85,56
Julius Brents,IND,DB,0,0,74,96,,,,,,,,,,,,,,,132,86
Matthew Jackson,TEN,DB,0,0,3,0,,,,,,,,,,,,,,,2,3
Jerrick Reed II,SEA,DB,0,0,15,11,,,,,,,,,,,,,,,20,13
D'Shawn Jamison,CAR,DB,0,0,5,71,,,,,,,,,,,,,,,38,30
Ezekiel Turner,ARI,DB,0,0,15,69,,,,,,,,,,,,,,,50,37
Donovan Wilson,DAL,DB,0,0,52,56,,,,,,,,,,,,,,,63,54
Miles Killebrew,PIT,DB,0,0,1,0,,,,,,,,,,,,,,,1,1
Derrek Pitts,TB,DB,0,0,22,0,,,,,,,,,,,,,,,18,22
Dee Delaney,TB,DB,0,0,30,97,,,,,,,,,,,,,,,87,60
Sydney Brown,PHI,DB,0,0,26,0,,,,,,,,,,,,,,,12,26
Jeff Okudah,ATL,DB,0,0,16,74,,,,,,,,,,,,,,,60,44
Anthony Kendall,TEN,DB,0,0,1,0,,,,,,,,,,,,,,,1,1
Teez Tabor,SEA,DB,0,0,15,0,,,,,,,,,,,,,,,12,15
DeMarcco Hellams,ATL,DB,0,0,0,18,,,,,,,,,,,,,,,12,18
Jaylon Jones,IND,DB,0,0,0,7,,,,,,,,,,,,,,,6,7
J.T. Gray,NO,DB,0,0,0,6,,,,,,,,,,,,,,,4,6
Johnathan Abram,NO,DB,0,0,0,79,,,,,,,,,,,,,,,56,79
Shyheim Carter,TEN,DB,0,0,0,21,,,,,,,,,,,,,,,11,21
Kevon Seymour,BAL,DB,0,0,0,17,,,,,,,,,,,,,,,12,17
Arthur Maulet,BAL,DB,0,0,0,64,,,,,,,,,,,,,,,44,64
Ja'Quan McMillian,DEN,DB,0,0,0,60,,,,,,,,,,,,,,,43,60
Dean Marlowe,LAC,DB,0,0,0,100,,,,,,,,,,,,,,,73,100
Kendall Sheffield,SF,DB,0,0,0,15,,,,,,,,,,,,,,,11,15
Ji'Ayir Brown,SF,DB,0,0,0,15,,,,,,,,,,,,,,,11,15
Jamal Adams,SEA,DB,0,0,0,12,,,,,,,,,,,,,,,9,12
Bryce Hall,NYJ,DB,0,0,0,6,,,,,,,,,,,,,,,4,6
